Pos,Channel,Views,Subscriber,Vidoes,Published
1,T-Series,"157,452,055,214","185,000,000"," 15,528",2006-03-13
2,Cocomelon - Nursery Rhymes,"103,803,532,922","113,000,000",    654,2006-09-01
3,SET India," 90,768,285,232","107,000,000"," 59,421",2006-09-20
4,WWE," 59,710,652,499"," 78,500,000"," 55,466",2007-05-11
5,Like Nastya," 58,866,363,302"," 74,700,000",    589,2016-12-06
6,✿ Kids Diana Show," 58,484,744,322"," 80,100,000",    891,2015-05-12
7,Sony SAB," 56,242,961,978"," 52,600,000"," 37,259",2007-08-04
8,Movieclips," 52,243,427,733"," 52,900,000"," 37,366",2006-04-28
9,Vlad and Niki," 50,178,997,905"," 69,000,000",    366,2018-04-23
10,Ryan's World," 47,553,197,237"," 29,900,000","  2,002",2015-03-17
11,netd müzik," 43,898,081,035"," 20,200,000"," 16,081",2014-01-23
12,ABS-CBN Entertainment," 42,861,663,362"," 34,800,000","159,246",2008-07-16
13,El Reino Infantil," 41,029,383,920"," 43,100,000","  1,020",2011-06-02
14,Zee Music Company," 38,448,325,269"," 74,100,000","  5,494",2014-03-12
15,Colors TV," 35,203,395,540"," 41,000,000"," 57,273",2008-06-13
16,Canal KondZilla," 34,809,659,110"," 64,400,000","  1,901",2012-03-21
17,Little Baby Bum - Nursery Rhymes & Kids Songs," 33,192,984,019"," 36,500,000","  1,467",2011-06-22
18,ChuChu TV Nursery Rhymes & Kids Songs," 32,200,568,260"," 49,200,000",    415,2013-02-09
19,Wave Music," 31,549,948,982"," 45,300,000"," 18,319",2014-10-29
20,WorkpointOfficial," 30,690,257,602"," 33,800,000"," 55,949",2012-11-05
21,Toys and Colors," 30,002,662,818"," 31,800,000",    611,2016-03-17
22,Маша и Медведь," 28,834,638,339"," 34,600,000",    970,2011-05-31
23,Super Simple Songs - Kids Songs," 28,611,715,993"," 29,200,000",    552,2006-09-08
24,PewDiePie," 27,449,303,842","110,000,000","  4,356",2010-04-29
25,Get Movies," 25,979,526,805"," 35,700,000","  2,986",2006-12-16
26,Shemaroo Filmi Gaane," 25,351,195,387"," 52,800,000","  7,203",2010-06-11
27,Pinkfong! Kids' Songs & Stories," 24,601,545,507"," 49,700,000","  1,857",2011-12-14
28,one31," 24,153,182,909"," 30,100,000","109,452",2013-01-10
29,LooLoo Kids - Nursery Rhymes and Children's Songs," 23,393,308,381"," 43,700,000",    503,2014-08-05
30,JustinBieberVEVO," 23,175,398,382"," 32,100,000",    185,2009-09-26
31,YRF," 22,999,109,537"," 40,300,000","  2,825",2006-06-07
32,GMANetwork," 22,507,781,473"," 23,800,000"," 97,653",2006-11-20
33,قناة طيور الجنة | toyoraljanahtv," 22,168,549,789"," 24,400,000","  2,951",2008-11-24
34,TheEllenShow," 21,783,989,513"," 37,900,000"," 13,170",2006-11-21
35,SMTOWN," 21,275,517,404"," 28,000,000","  3,703",2006-03-18
36,KatyPerryVEVO," 21,194,896,801"," 25,100,000",    164,2009-12-13
37,TaylorSwiftVEVO," 21,082,347,030"," 26,200,000",    195,2009-05-12
38,Ch3Thailand," 21,036,113,276"," 28,600,000"," 81,044",2014-05-29
39,Tips Official," 20,880,173,613"," 42,800,000","  3,061",2007-05-22
40,Speed Records," 20,529,251,316"," 36,300,000","  9,338",2012-11-22
41,5-Minute Crafts," 20,445,929,173"," 72,700,000","  4,743",2016-11-15
42,GMM GRAMMY OFFICIAL," 20,398,727,458"," 20,600,000","  9,395",2010-11-08
43,1theK (원더케이)," 20,153,294,063"," 23,000,000"," 14,640",2011-01-31
44,FGTeeV," 20,019,773,364"," 19,100,000","  1,468",2013-05-24
45,GR6 EXPLODE," 19,991,665,191"," 34,600,000","  3,712",2014-08-05
46,shakiraVEVO," 19,987,864,072"," 18,600,000",    170,2009-09-02
47,Galinha Pintadinha," 19,645,939,609"," 27,200,000",     55,2006-08-30
48,BabyBus - Nursery Rhymes," 19,382,366,810"," 25,100,000","  1,604",2016-07-15
49,Sony Music India," 19,381,119,965"," 44,200,000","  2,817",2009-09-02
50,SonyMusicIndiaVEVO," 18,791,438,721"," 36,100,000","  3,158",2009-09-02
51,Sesame Street," 18,678,652,890"," 21,500,000","  3,147",2006-01-16
52,Ozuna," 18,603,406,263"," 33,400,000",    127,2016-03-24
53,Spinnin' Records," 18,297,353,506"," 28,700,000"," 10,161",2007-07-12
54,BLACKPINK," 18,164,100,233"," 62,300,000",    357,2016-06-29
55,DisneyMusicVEVO," 18,136,046,123"," 24,600,000","  1,486",2010-05-20
56,WORLDSTARHIPHOP," 18,112,181,806"," 25,200,000","  5,735",2008-11-08
57,La Granja de Zenón," 18,024,175,250"," 27,000,000",    429,2013-06-06
58,Daddy Yankee," 17,861,080,580"," 34,000,000",    370,2011-05-16
59,Disney," 17,683,574,965"," 18,700,000","  7,569",2007-12-12
60,HYBE LABELS," 17,407,041,585"," 57,600,000",    625,2008-06-04
61,BuzzFeedVideo," 17,396,914,344"," 20,300,000","  7,135",2011-08-10
62,Badabun," 17,348,236,186"," 44,500,000","  7,358",2014-10-14
63,Maroon5VEVO," 17,228,821,646"," 14,800,000",    143,2009-05-12
64,Shemaroo," 17,180,844,903"," 31,200,000","  7,599",2007-09-01
65,jbalvinVEVO," 17,131,845,031"," 13,400,000",    187,2010-09-30
66,ArianaGrandeVevo," 16,923,235,375"," 18,000,000",    136,2010-10-21
67,Little Angel: Nursery Rhymes & Kids Songs," 16,857,421,087"," 23,700,000","  1,086",2015-12-14
68,RihannaVEVO," 16,785,475,427"," 25,400,000",    106,2009-05-12
69,EminemVEVO," 16,737,925,126"," 25,200,000",     88,2009-05-12
70,CVS 3D Rhymes & Kids Songs," 16,687,507,492"," 27,300,000",    338,2008-08-26
71,Eros Now Music," 16,517,447,217"," 28,000,000"," 10,412",2007-02-27
72,LUCCAS NETO - LUCCAS TOON," 16,350,159,164"," 35,100,000","  1,393",2014-07-31
73,MalumaVEVO," 16,319,859,299"," 14,300,000",    155,2011-06-15
74,CookieSwirlC," 16,106,905,442"," 15,800,000","  3,380",2013-11-03
75,Markiplier," 15,920,672,716"," 29,400,000","  4,955",2012-05-26
76,T-Series Apna Punjab," 15,915,468,572"," 28,500,000","  5,517",2011-09-26
77,Bad Bunny," 15,845,705,194"," 34,300,000",     94,2014-06-09
78,Peppa Pig - Official Channel," 15,741,100,166"," 23,900,000",    955,2013-10-09
79,Inside Edition," 15,604,981,982","  9,380,000"," 23,141",2012-10-09
80,GRAMMY GOLD OFFICIAL," 15,385,603,617"," 15,500,000","  4,585",2014-01-15
81,CoCo Cube - ToyPuddingTV," 15,232,264,923"," 25,900,000","  2,602",2014-05-13
82,LEGO," 15,190,936,626"," 12,600,000"," 24,868",2005-10-22
83,Aaj Tak," 15,155,714,406"," 46,700,000","135,070",2009-08-27
84,FunToys Collector Disney Toys Review," 15,009,733,505"," 11,300,000","  2,880",2011-04-13
85,Ultra Music," 14,937,668,237"," 26,700,000","  4,345",2006-10-24
86,Aditya Music," 14,856,435,463"," 18,900,000"," 17,798",2008-05-01
87,Bruno Mars," 14,761,388,798"," 31,900,000",     79,2006-09-19
88,The Tonight Show Starring Jimmy Fallon," 14,725,490,851"," 27,700,000","  6,830",2006-01-08
89,Bounce Patrol - Kids Songs," 14,711,806,682"," 23,200,000",    188,2013-01-01
90,WatchMojo.com," 14,654,477,167"," 23,700,000"," 19,887",2007-01-25
91,etvteluguindia," 14,542,788,252"," 14,100,000"," 95,224",2010-03-15
92,David Guetta," 14,484,830,126"," 23,200,000",    577,2009-12-11
93,NickyJamTV," 14,343,625,680"," 22,300,000",    264,2012-01-10
94,jacksepticeye," 14,296,104,050"," 27,200,000","  4,784",2007-02-24
95,VEGETTA777," 14,114,241,942"," 32,500,000","  6,555",2008-03-02
96,НТВ," 14,100,324,543"," 12,700,000"," 49,612",2008-08-11
97,Ultra Bollywood," 14,090,311,006"," 28,500,000","  9,847",2009-10-21
98,Gaane Sune Ansune," 14,022,790,405"," 28,900,000","  2,654",2015-08-24
99,Mother Goose Club Playhouse," 13,993,579,275"," 16,400,000","  1,147",2009-02-03
100,MBCentertainment," 13,979,321,301","  8,320,000"," 84,552",2009-07-30
101,mmoshaya," 13,760,700,077"," 20,300,000","  1,060",2010-12-11
102,EnriqueIglesiasVEVO," 13,698,882,160"," 13,100,000",    128,2009-05-12
103,Venus," 13,629,499,245"," 32,800,000","  4,477",2005-09-22
104,Marília Mendonça," 13,426,200,699"," 21,500,000",    108,2013-05-13
105,SSSniperWolf," 13,307,682,389"," 28,000,000","  2,709",2013-01-20
106,JYP Entertainment," 13,237,083,074"," 21,000,000","  1,286",2008-01-25
107,Dude Perfect," 13,128,030,135"," 56,300,000",    264,2009-03-17
108,LuisFonsiVEVO," 13,125,691,990"," 17,400,000",     82,2009-05-12
109,Wow Kidz," 13,073,460,109"," 23,200,000","  4,094",2015-06-27
110,Felipe Neto," 13,030,724,465"," 42,400,000","  2,564",2006-05-16
111,Rotana," 12,974,035,238"," 17,500,000","  7,784",2012-01-10
112,Goldmines Telefilms," 12,954,386,183"," 55,000,000","  1,628",2012-01-21
113,Vijay Television," 12,868,889,483"," 14,400,000"," 21,956",2007-02-01
114,CalvinHarrisVEVO," 12,808,514,245"," 12,000,000",    149,2009-10-15
115,Masha and The Bear," 12,656,315,844"," 25,200,000",    707,2014-09-17
116,Mister Max," 12,603,765,513"," 21,200,000",    972,2014-09-22
117,IGN," 12,544,915,937"," 15,600,000","143,033",2006-09-19
118,Coldplay," 12,511,548,921"," 19,000,000",    272,2010-01-03
119,Mnet K-POP," 12,501,783,324"," 18,100,000"," 24,451",2006-03-09
120,Movieclips Trailers," 12,380,935,921"," 15,400,000","  8,868",2011-04-01
121,Trap Nation," 12,352,704,931"," 30,200,000","  2,209",2012-09-23
122,HAR PAL GEO," 12,269,798,821"," 19,000,000"," 23,332",2008-01-02
123,Rajshri," 12,260,278,447"," 26,400,000","  5,006",2006-03-24
124,TheWeekndVEVO," 12,235,950,385"," 10,700,000",    102,2011-07-13
125,Baby Big Mouth," 12,171,476,304"," 10,800,000","  4,171",2013-03-05
126,Talking Tom," 12,105,448,354"," 25,000,000",    312,2010-07-04
127,BeyoncéVEVO," 12,075,160,001"," 13,000,000",    142,2009-09-02
128,KBS WORLD TV," 12,060,268,598"," 16,400,000"," 51,609",2007-01-06
129,Turma da Mônica," 12,003,648,973"," 17,100,000","  1,070",2012-07-30
130,Fischer's-フィッシャーズ-," 11,936,733,181","  6,760,000","  2,377",2012-08-24
131,Marshmello," 11,830,140,484"," 53,100,000",    487,2015-04-06
132,Saturday Night Live," 11,793,926,844"," 12,000,000","  7,630",2013-07-23
133,As/Is," 11,771,809,004"," 10,600,000","  4,674",2013-04-09
134,rezendeevil," 11,766,316,368"," 29,100,000"," 10,414",2012-02-12
135,Genierock," 11,716,597,154"," 13,300,000","  1,283",2008-03-09
136,Miss Katy," 11,714,175,725"," 20,400,000",    915,2014-11-17
137,Fueled By Ramen," 11,711,748,510"," 14,000,000","  1,162",2006-06-09
138,Zee TV," 11,706,578,056"," 58,000,000"," 57,431",2005-12-11
139,toyorbabytv," 11,668,300,550"," 16,600,000",    885,2012-11-01
140,REACT," 11,662,323,515"," 20,100,000","  3,579",2007-06-04
141,Genevieve's Playhouse - Learning Videos for Kids," 11,644,035,357"," 20,000,000",    547,2016-01-06
142,toycantando," 11,596,436,545"," 22,400,000",    435,2009-07-07
143,SonyMusicSouthVEVO," 11,443,519,513"," 13,500,000","  4,067",2014-07-14
144,AMARINTV : อมรินทร์ทีวี," 11,433,759,787"," 13,000,000","121,204",2014-02-05
145,Wiz Khalifa," 11,415,960,170"," 24,600,000",    533,2008-05-09
146,Jimmy Kimmel Live," 11,413,109,476"," 18,000,000","  5,355",2006-09-20
147,ChrisBrownVEVO," 11,298,576,831"," 12,100,000",    254,2009-10-15
148,DisneyJuniorUK," 11,255,428,330"," 10,100,000","  2,719",2010-07-07
149,MrBeast," 11,193,269,227"," 63,800,000",    705,2012-02-20
150,Atlantic Records," 11,191,846,987"," 12,400,000","  1,294",2006-12-15
151,RomeoSantosVEVO," 11,080,711,629","  8,900,000",    161,2011-04-21
152,LadyGagaVEVO," 10,825,644,792","  9,080,000",    173,2009-05-12
153,Come Play With Me," 10,813,352,026"," 10,100,000",    316,2014-01-24
154,BANGTANTV," 10,791,470,136"," 52,400,000","  1,511",2012-12-17
155,OneDirectionVEVO," 10,742,303,351"," 22,200,000",    266,2010-12-04
156,ChainsmokersVEVO," 10,652,012,944"," 11,400,000",    188,2012-10-22
157,ImagineDragonsVEVO," 10,472,087,883","  9,900,000",    118,2012-01-23
158,Kids TV - Nursery Rhymes And Baby Songs," 10,289,486,249"," 18,400,000","  3,087",2013-08-30
159,キッズライン♡Kids Line," 10,282,982,817",         NULL,"  5,308",2011-11-26
160,Linkin Park," 10,241,052,647"," 18,000,000",    588,2006-11-28
161,Alan Walker," 10,240,936,315"," 39,600,000",    267,2012-08-25
162,Post Malone," 10,215,152,690"," 21,900,000",     38,2011-12-15
163,RsiamMusic : อาร์สยาม," 10,213,055,753"," 16,600,000","  2,284",2011-03-08
164,Tlnovelas," 10,127,466,992"," 17,100,000"," 22,074",2013-04-03
165,Henrique e Juliano," 10,033,736,128"," 13,200,000",    203,2009-06-27
166,Pencilmation,"  9,968,736,167"," 19,100,000",    913,2007-02-01
167,Raffy Tulfo in Action,"  9,961,565,204"," 20,800,000","  6,955",2016-04-20
168,Лунтик,"  9,959,464,146","  6,370,000","  1,194",2007-02-13
169,Smosh,"  9,928,553,803"," 25,100,000","  1,208",2005-11-19
170,CNN,"  9,926,249,583"," 12,600,000","151,659",2005-10-02
171,Mazhavil Manorama,"  9,918,202,349"," 11,100,000"," 54,078",2011-10-31
172,DisneyChannelUK,"  9,825,598,592"," 10,800,000","  3,170",2007-12-06
173,Blippi - Educational Videos for Kids,"  9,793,501,727"," 12,700,000",    269,2014-01-27
174,ABC News,"  9,779,778,604"," 11,500,000"," 60,021",2006-08-07
175,AdeleVEVO,"  9,760,781,174"," 15,300,000",     32,2009-10-15
176,IndiaTV,"  9,750,281,568"," 26,400,000","202,998",2006-08-26
177,eltrece,"  9,712,754,257"," 10,500,000","126,365",2014-04-13
178,TRANS7 OFFICIAL,"  9,689,051,746"," 20,100,000"," 65,906",2014-09-04
179,SelenaGomezVEVO,"  9,612,228,574"," 14,700,000",    181,2009-11-24
180,Cartoon Network,"  9,607,474,594"," 10,000,000","  4,587",2006-02-28
181,michaeljacksonVEVO,"  9,581,802,287","  8,150,000",    120,2009-09-02
182,Kaji Family,"  9,572,163,409","  7,410,000",    761,2016-11-20
183,enchufetv,"  9,562,211,086"," 24,500,000","  1,571",2011-11-13
184,SiaVEVO,"  9,531,413,332","  9,840,000",    105,2009-05-12
185,Britain's Got Talent,"  9,496,009,581"," 16,800,000","  3,060",2008-04-12
186,Geet MP3,"  9,481,226,275"," 29,000,000",    428,2016-10-22
187,ETV Jabardasth,"  9,470,232,403"," 10,900,000","  6,187",2015-07-14
188,JTBC Entertainment,"  9,450,882,459","  6,730,000"," 62,669",2012-10-04
189,الـريماس - Al-Remas,"  9,394,278,015"," 15,900,000","  1,827",2013-09-27
190,Anuel AA,"  9,335,348,772"," 20,100,000",     59,2016-09-08
191,Mother Goose Club,"  9,255,493,519","  8,330,000","  1,122",2008-04-22
192,elrubiusOMG,"  9,207,118,412"," 39,900,000",    832,2011-12-20
193,The Late Late Show with James Corden,"  9,194,841,539"," 26,600,000","  4,769",2006-11-21
194,ShawnMendesVEVO,"  9,162,464,539"," 10,700,000",    133,2014-06-10
195,Ch7HD,"  9,161,406,747"," 12,700,000"," 34,058",2010-05-17
196,PitbullVEVO,"  9,158,341,431","  9,610,000",    197,2009-05-12
197,Gusttavo Lima Oficial,"  9,140,201,389"," 17,500,000",    299,2010-11-09
198,Troom Troom,"  9,095,629,143"," 22,500,000","  1,652",2015-09-12
199,avex,"  9,054,548,986","  5,620,000"," 14,980",2008-09-04
200,GMA Public Affairs,"  9,031,702,773"," 15,600,000"," 30,692",2009-08-08
201,Blu Toys Club Surprise,"  8,973,321,998","  6,980,000","  2,419",2010-12-23
202,Zé Neto e Cristiano,"  8,905,412,875"," 13,800,000",    153,2012-04-03
203,Mnet Official,"  8,870,087,505","  8,250,000"," 18,017",2013-12-23
204,StarPlus,"  8,867,597,194"," 16,800,000"," 10,753",2006-05-19
205,NBA,"  8,816,654,149"," 16,700,000"," 36,267",2005-11-21
206,Mr Bean,"  8,715,788,992"," 27,700,000","  2,205",2006-01-04
207,Disney Junior,"  8,670,605,394"," 10,000,000","  2,585",2008-04-22
208,BRIGHT SIDE,"  8,642,031,574"," 40,900,000","  4,001",2017-03-15
209,AuthenticGames,"  8,641,972,640"," 19,900,000","  4,240",2011-10-07
210,Las Ratitas,"  8,603,525,625"," 23,300,000",    203,2015-10-18
211,Enes Batur,"  8,569,037,183"," 15,300,000","  1,937",2012-11-18
212,Теремок ТВ,"  8,561,080,407","  8,710,000","  3,323",2012-05-24
213,officialpsy,"  8,516,118,277"," 14,900,000",     90,2010-10-04
214,東海オンエア,"  8,461,080,239","  5,900,000","  1,946",2013-10-13
215,XXXTENTACION,"  8,406,433,543"," 32,800,000",    112,2015-06-23
216,Gallina Pintadita,"  8,381,090,157"," 12,500,000",     50,2011-08-02
217,ABP NEWS,"  8,372,880,883"," 29,500,000","174,752",2012-06-01
218,Queen Official,"  8,337,014,545"," 14,700,000",    834,2008-07-07
219,ItsFunneh,"  8,319,949,041","  7,720,000","  1,974",2011-09-02
220,HUM TV,"  8,313,193,677"," 14,300,000"," 12,032",2011-05-25
221,Official Pink Panther,"  8,265,714,759"," 15,800,000",    517,2013-09-09
222,Masha y el Oso,"  8,217,018,988"," 20,000,000",    615,2016-02-12
223,YoungBoy Never Broke Again,"  8,211,623,805","  9,550,000",    352,2015-01-04
224,JesseAndMike,"  8,194,854,531"," 12,200,000",    536,2007-04-29
225,Kênh Thiếu Nhi - BHMEDIA,"  8,182,019,467","  9,510,000","  7,993",2014-05-05
226,Volga Video,"  8,177,850,702"," 13,600,000"," 36,599",2012-03-23
227,KanalD,"  8,172,077,518","  7,270,000"," 20,223",2006-09-19
228,Dave and Ava - Nursery Rhymes and Baby Songs,"  8,170,718,085"," 13,500,000",    614,2014-12-04
229,BBC,"  8,154,617,424"," 11,300,000"," 13,353",2005-11-12
230,Kan & Aki's CHANNELかんあきチャンネル,"  8,058,733,936","  3,270,000","  1,827",2010-05-01
231,BillionSurpriseToys - Nursery Rhymes,"  8,040,761,345"," 27,700,000",    426,2013-10-25
232,GMM25Thailand,"  8,034,453,379"," 12,200,000"," 37,163",2011-06-08
233,Lyrical Lemonade,"  8,013,239,612"," 17,900,000",    384,2013-03-25
234,DopeLyrics,"  8,003,026,071"," 13,700,000","  1,597",2016-06-09
235,AviciiOfficialVEVO,"  7,962,032,953"," 10,900,000",    135,2011-11-29
236,HobbyFamilyTV,"  7,947,251,313","  4,370,000","  3,317",2013-05-22
237,ABS-CBN News,"  7,884,512,933"," 12,300,000","148,930",2009-10-22
238,White Hill Music,"  7,829,885,444"," 19,000,000","  4,308",2014-03-23
239,Dua Lipa,"  7,824,105,378"," 18,500,000",    154,2011-02-05
240,JenniferLopezVEVO,"  7,773,008,348","  6,980,000",    104,2009-09-02
241,Lahari Music | T-Series,"  7,751,489,548"," 11,700,000","  7,168",2011-11-21
242,Jason Derulo,"  7,750,957,248"," 15,500,000",    304,2008-07-21
243,Cartoon Network UK,"  7,748,000,875","  8,440,000","  4,355",2007-04-12
244,NickiMinajAtVEVO,"  7,745,644,674"," 12,800,000",     87,2010-04-01
245,stampylonghead,"  7,712,137,857"," 10,300,000","  3,807",2011-07-29
246,The Late Show with Stephen Colbert,"  7,711,849,949","  8,570,000","  8,146",2015-05-27
247,BeckyGVEVO,"  7,698,836,970","  6,340,000",     84,2012-09-04
248,Fox News,"  7,687,447,261","  7,470,000"," 71,984",2006-09-19
249,GMA News,"  7,671,115,702","  9,230,000","299,735",2007-10-29
250,Stone Music Entertainment,"  7,669,193,367","  9,860,000","  7,676",2011-03-25
251,RedeTV,"  7,647,777,320"," 11,900,000"," 32,827",2011-10-18
252,TRANS TV Official,"  7,640,370,354"," 14,300,000"," 85,094",2014-09-02
253,Hear This Music,"  7,608,688,990"," 13,500,000",     37,2016-02-13
254,Team Coco,"  7,606,368,784","  8,250,000","  9,918",2008-06-23
255,Saregama Music,"  7,605,397,440"," 21,000,000","  4,711",2013-01-04
256,BlackEyedPeasVEVO,"  7,589,023,973","  3,910,000",    101,2009-05-12
257,ESPN,"  7,568,091,651","  7,930,000"," 41,019",2005-10-31
258,DrakeVEVO,"  7,488,998,641","  9,410,000",     58,2009-08-17
259,Smile Toys Review,"  7,473,195,207"," 20,700,000",    279,2018-03-13
260,Zadruga Official,"  7,453,025,035","  1,710,000"," 91,245",2018-05-17
261,POPS MUSIC,"  7,439,679,659","  8,940,000"," 19,983",2013-03-25
262,Charlie Puth,"  7,414,127,267"," 18,100,000",    106,2009-09-09
263,Annoying Orange,"  7,382,355,771"," 10,900,000","  1,645",2010-01-11
264,LazarBeam,"  7,375,375,813"," 18,900,000","  1,227",2015-01-04
265,Videogyan Nursery Rhymes - Kids Songs & Cartoons,"  7,296,484,114"," 10,300,000",    787,2011-08-27
266,Good Mythical Morning,"  7,277,454,877"," 17,100,000","  2,700",2008-09-17
267,Cat Music,"  7,258,168,223","  6,970,000","  2,271",2007-01-23
268,ช่อง8 :Thaich8,"  7,216,878,283"," 13,000,000"," 55,109",2011-10-17
269,CollegeHumor,"  7,214,618,901"," 14,200,000","  3,326",2006-10-09
270,MBCkpop,"  7,212,587,108","  9,350,000"," 40,339",2011-12-14
271,Desi Music Factory,"  7,210,242,546"," 27,600,000",    107,2014-10-06
272,Sandaroo Kids,"  7,172,195,245","  6,140,000","  3,520",2012-06-16
273,Россия 24,"  7,153,707,694","  6,740,000","228,879",2012-01-20
274,El Payaso Plim Plim,"  7,151,099,308","  9,980,000",    715,2013-10-18
275,WB Kids,"  7,100,292,469"," 17,800,000","  1,412",2015-03-31
276,Telemundo,"  7,098,654,986"," 12,100,000"," 20,121",2007-01-03
277,Valentina Pontes,"  7,095,653,766"," 22,100,000",    945,2014-04-14
278,SamSmithVEVO,"  7,088,626,117","  6,510,000",    111,2013-10-28
279,Flowers Comedy,"  7,084,542,620","  8,800,000","  6,778",2015-08-19
280,BillieEilishVEVO,"  7,077,432,262","    992,000",     72,2016-08-16
281,MBC مصر,"  7,077,076,954"," 10,900,000"," 30,588",2012-10-14
282,Познаватель,"  7,075,565,493"," 15,800,000",    431,2014-10-20
283,Blippi Toys,"  7,064,095,553","  7,480,000",    245,2015-07-06
284,Just For Laughs Gags,"  7,054,086,905"," 11,500,000","  4,790",2007-01-14
285,Me contro Te,"  7,046,287,018","  5,860,000","  1,527",2014-09-28
286,POCOYÓ en ESPAÑOL - Canal Oficial,"  7,045,346,546","  9,810,000","  1,301",2007-07-31
287,Totoykids,"  6,961,108,145"," 18,100,000",    495,2014-12-02
288,GMMTV,"  6,944,407,469"," 11,300,000"," 12,713",2010-09-13
289,Les' Copaque Production,"  6,927,552,312"," 14,500,000","  1,299",2009-11-09
290,Vat19,"  6,911,109,682","  7,930,000","  1,558",2007-02-28
291,Zig & Sharko,"  6,896,150,515"," 11,600,000",    674,2015-05-06
292,СТС,"  6,854,004,205","  8,890,000","  9,378",2007-03-08
293,Like Nastya Vlog,"  6,847,013,793"," 17,000,000",    279,2016-01-14
294,KBS Entertain,"  6,827,878,542","  4,400,000"," 98,722",2011-12-28
295,Jorge & Mateus Oficial,"  6,799,363,761"," 14,100,000",    277,2008-07-29
296,Family Box,"  6,765,447,726","  8,800,000",    827,2015-01-21
297,zbing z.,"  6,721,792,234"," 13,900,000","  2,342",2014-03-12
298,FifthHarmonyVEVO,"  6,671,198,545","  9,730,000",     87,2013-03-04
299,Барбоскины,"  6,664,447,269","  6,300,000",    956,2011-11-02
300,Flamingo,"  6,660,960,157","  9,300,000","  1,891",2017-07-06
301,FV FAMILY,"  6,648,518,473","  8,020,000",    607,2018-07-20
302,Chotoonz TV - Funny Cartoons for Kids,"  6,645,751,519"," 10,400,000","  1,649",2013-10-31
303,SebastianYatraVEVO,"  6,618,346,760","  2,830,000",     68,2014-05-06
304,The X Factor UK,"  6,597,112,748","  8,840,000","  4,830",2007-08-03
305,BIGBANG,"  6,595,564,659"," 13,600,000",    773,2005-10-10
306,PostMaloneVEVO,"  6,591,926,588","  3,950,000",     35,2014-09-30
307,Antena 3,"  6,585,790,116","  6,510,000"," 23,292",2006-03-11
308,Caso Cerrado,"  6,582,098,883","  9,490,000","  3,451",2015-03-12
309,1MILLION Dance Studio,"  6,575,656,297"," 24,000,000","  2,682",2015-02-06
310,Clean Bandit,"  6,574,028,883","  9,710,000",    127,2010-06-21
311,Wesley Safadão,"  6,562,001,982"," 13,000,000",    343,2009-06-21
312,SIS vs BRO,"  6,536,760,471"," 14,400,000",    365,2016-03-03
313,Peacock Kids,"  6,521,233,641","  8,920,000","  3,531",2006-09-18
314,Porta dos Fundos,"  6,516,150,752"," 16,800,000","  1,675",2012-03-12
315,Robin Hood Gamer,"  6,501,427,636"," 16,000,000","  3,379",2014-05-17
316,Troom Troom Es,"  6,497,207,563"," 18,000,000","  2,188",2016-02-05
317,MeghanTrainorVEVO,"  6,479,033,842","  8,190,000",    185,2014-02-26
318,Got Talent Global,"  6,467,234,337"," 17,400,000","  2,030",2013-01-31
319,RizaNovaUZ,"  6,454,476,404","  6,660,000"," 13,477",2013-03-25
320,Ninja Kidz TV,"  6,451,978,431"," 14,800,000",    218,2017-02-09
321,Kwebbelkop,"  6,451,672,020"," 14,600,000","  4,689",2008-04-02
322,Think Music India,"  6,447,293,042","  9,840,000","  3,292",2009-08-15
323,Thairath Online,"  6,440,669,960"," 11,900,000","143,671",2010-09-27
324,Você Sabia?,"  6,430,118,918"," 40,700,000","  1,184",2013-09-01
325,SBS Entertainment,"  6,422,569,407","  5,600,000","215,907",2011-02-21
326,Brancoala,"  6,401,923,735","  9,350,000","  1,433",2008-07-04
327,Little Baby Bum en Español,"  6,320,505,573"," 11,900,000",    925,2014-06-06
328,rsfriends,"  6,319,527,790","  8,900,000","  3,312",2009-11-25
329,MEGA Oficial,"  6,284,034,133","  8,080,000"," 27,635",2012-08-01
330,Lucas and Marcus,"  6,283,423,721"," 23,900,000",    767,2011-01-19
331,LosPolinesios,"  6,275,384,155"," 24,700,000",    604,2012-12-16
332,MrSuicideSheep,"  6,272,367,537"," 12,700,000","  2,904",2010-04-09
333,TheRichest,"  6,271,796,350"," 15,000,000","  3,594",2014-01-20
334,MK MUSIC,"  6,267,536,032"," 12,800,000","  3,568",2010-01-18
335,FutureVEVO,"  6,261,652,014","  4,490,000",    248,2010-06-30
336,Slogo,"  6,259,396,602"," 10,200,000","  4,620",2013-08-04
337,kevingatesTV,"  6,217,309,924","  6,920,000",    340,2012-02-03
338,Letupita725HD★,"  6,208,422,555","  4,100,000","  2,264",2012-08-19
339,Lifetime,"  6,201,212,153","  5,110,000"," 10,075",2006-03-05
340,Just4fun290,"  6,178,496,361","  3,740,000","  2,519",2013-01-05
341,Cardi B,"  6,169,980,148"," 17,300,000",     54,2016-12-01
342,BritneySpearsVEVO,"  6,137,363,784","  4,960,000",    110,2009-10-15
343,The Lallantop,"  6,125,061,565"," 18,600,000"," 26,785",2015-03-23
344,AzzyLand,"  6,109,489,910"," 13,500,000","  1,538",2015-05-08
345,Sun TV,"  6,106,510,382"," 12,700,000"," 15,951",2016-02-26
346,MSNBC,"  6,086,007,790","  4,380,000"," 42,215",2011-12-01
347,HaAshVEVO,"  6,082,066,450","  4,020,000",    156,2009-10-15
348,DJSnakeVEVO,"  6,080,648,354","  6,630,000",     48,2014-01-27
349,Фиксики,"  6,053,853,108","  6,530,000",    946,2011-03-07
350,CNCOVEVO,"  6,051,796,481","  5,810,000",     98,2015-12-07
351,Kontor.TV,"  6,041,995,538","  5,800,000","  2,154",2006-03-14
352,HikakinGames,"  6,037,857,950","  5,140,000","  1,759",2013-08-17
353,ArkivaShqip,"  6,036,046,897","  3,860,000","  8,389",2009-12-30
354,David Dobrik,"  6,012,577,676"," 18,300,000",    478,2014-12-19
355,Warner Music Italy,"  6,008,401,752","  5,360,000","  1,457",2010-09-23
356,atv,"  5,994,857,110","  8,370,000"," 17,827",2014-12-23
357,littlemixVEVO,"  5,978,493,032","  7,840,000",    194,2011-10-29
358,PinkVEVO,"  5,957,255,195","  7,240,000",    171,2009-05-12
359,GameGrumps,"  5,954,964,965","  5,330,000","  7,681",2012-07-10
360,IDJVideos.TV,"  5,944,477,497","  3,480,000","  1,021",2011-05-23
361,Skrillex,"  5,922,031,413"," 19,700,000",    177,2010-04-06
362,Rooster Teeth,"  5,920,851,287","  9,330,000","  8,604",2006-07-11
363,Tayo the Little Bus,"  5,914,340,320","  6,800,000","  2,479",2005-12-05
364,Çukur,"  5,909,374,248","  6,270,000","  3,031",2017-09-13
365,Angry Birds,"  5,906,762,173","  4,830,000","  2,203",2006-06-15
366,Funny Family Games tv,"  5,872,405,399","  5,640,000","  1,034",2016-05-21
367,GunsNRosesVEVO,"  5,868,375,532","  4,670,000",     39,2009-05-12
368,Top Viral Talent,"  5,848,903,330"," 11,500,000","  1,890",2014-01-02
369,شبكة العاب العرب | Arab Games Network,"  5,846,909,932"," 14,700,000","  4,712",2013-11-29
370,prenses elif,"  5,837,260,023","  3,440,000","  5,884",2016-03-06
371,Patati Patatá,"  5,806,305,908","  8,010,000",    423,2011-08-15
372,truly,"  5,803,679,977","  9,080,000","  2,467",2006-06-23
373,Swan & Néo,"  5,796,843,735","  5,530,000","  1,887",2015-04-16
374,packattack04082,"  5,796,819,996","  4,550,000","  7,728",2007-02-08
375,Collins Key,"  5,793,155,836"," 23,100,000",    249,2011-08-09
376,Zee News,"  5,780,341,595"," 18,900,000","121,747",2007-06-19
377,Comedy Central,"  5,779,472,927"," 10,400,000","  5,523",2006-06-14
378,CantaJuegoVEVO,"  5,763,593,329","  7,910,000",    491,2011-04-12
379,뽀로로(Pororo),"  5,753,106,060","  4,280,000","  3,544",2011-05-26
380,VikatanTV,"  5,751,154,654","  6,560,000"," 16,981",2011-10-11
381,Boyce Avenue,"  5,741,320,284"," 15,100,000",    408,2007-09-02
382,FitDance,"  5,726,905,636"," 14,500,000","  2,255",2013-12-26
383,Natti Natasha,"  5,726,806,988","  9,510,000",     85,2015-03-21
384,ABP NEWS HINDI,"  5,725,081,412"," 21,200,000"," 97,859",2017-03-03
385,Dan-Sa / Daniel Saboya,"  5,718,516,298"," 17,500,000","  1,304",2007-09-22
386,TEDx Talks,"  5,715,694,278"," 31,600,000","168,073",2009-06-23
387,Masha e o Urso,"  5,700,322,812"," 15,300,000",    632,2016-02-15
388,Migos ATL,"  5,695,008,792"," 11,300,000",     86,2012-01-17
389,KSI,"  5,691,937,168"," 22,900,000","  1,228",2009-07-25
390,V6 News Telugu,"  5,691,380,509","  6,670,000","175,439",2013-01-26
391,Poll Production,"  5,686,042,303","  3,950,000","  3,546",2011-02-26
392,EllieGouldingVEVO,"  5,657,920,343","  7,620,000",    128,2010-02-11
393,Julia MineGirl,"  5,644,236,282","  8,190,000","  2,130",2015-09-21
394,Piso 21,"  5,625,093,195","  7,120,000",     87,2011-01-27
395,RickyMartinVEVO,"  5,619,554,517","  3,990,000",    296,2009-09-02
396,The Dodo,"  5,619,125,246","  9,680,000","  6,045",2014-03-21
397,OneRepublicVEVO,"  5,593,937,613","  5,610,000",    184,2009-05-12
398,Lady Diana,"  5,592,382,617"," 10,500,000",    884,2016-03-21
399,핑크퐁 (인기 동요・동화),"  5,569,546,347","  9,260,000","  2,160",2014-03-11
400,NFL,"  5,563,804,557","  7,860,000"," 21,903",2014-12-14
401,Warner Bros. Pictures,"  5,557,677,142","  9,870,000","  2,487",2006-10-17
402,SBS Drama,"  5,548,691,308","  5,310,000","340,570",2011-02-21
403,Eurovision Song Contest,"  5,546,184,078","  4,440,000","  6,098",2006-03-05
404,Ali-A,"  5,531,029,807"," 17,600,000","  3,681",2006-09-13
405,TraLaLa - Cantece si desene animate pentru copii,"  5,513,449,929","  4,630,000","  1,296",2012-10-09
406,Anitta,"  5,510,585,864"," 15,300,000",     78,2011-11-02
407,Dr. Phil,"  5,508,386,745","  5,930,000"," 11,308",2007-07-05
408,The Official Gummibär Channel,"  5,501,448,124","  6,930,000",    480,2008-03-26
409,Talking Tom & Friends,"  5,499,252,199"," 13,800,000",    366,2010-10-14
410,Поззи,"  5,484,979,786"," 11,100,000","  3,173",2012-05-17
411,DEL Records,"  5,479,491,895","  8,880,000",    204,2009-01-30
412,Трум Трум,"  5,467,813,061"," 13,100,000","  1,648",2015-10-12
413,50CentVEVO,"  5,444,647,865","  4,500,000",     62,2009-05-12
414,The Young Turks,"  5,441,435,276","  5,120,000"," 42,281",2005-12-21
415,Aayu and Pihu Show,"  5,430,556,906"," 13,300,000",    243,2017-05-08
416,Renato Garcia,"  5,420,979,338"," 22,900,000","  3,067",2011-09-29
417,TheGrefg,"  5,417,288,199"," 16,900,000","  3,060",2012-01-30
418,Preston,"  5,415,901,933"," 17,200,000","  3,743",2012-07-04
419,theRadBrad,"  5,401,065,316"," 12,600,000","  7,224",2006-11-27
420,Sevimli Dostlar,"  5,389,317,331","  5,990,000",    542,2013-06-27
421,MatheusKauanVEVO,"  5,383,560,998","  4,280,000",    136,2015-06-11
422,Paulo Londra,"  5,377,223,282"," 17,400,000",     41,2016-08-08
423,League of Legends,"  5,364,239,858"," 13,900,000","  1,209",2009-02-09
424,GENIAL,"  5,362,752,789"," 29,000,000","  4,224",2017-06-01
425,Crafty Panda,"  5,358,095,364"," 18,900,000",    425,2017-12-03
426,WhenGamersFail ► Lyon,"  5,354,964,165","  4,060,000","  4,952",2012-04-16
427,tvN DRAMA,"  5,353,021,059","  5,720,000"," 33,509",2011-11-08
428,Nickelodeon UK,"  5,315,224,783","  5,460,000","  2,439",2015-01-12
429,RemexMusic,"  5,314,653,053","  6,320,000","  1,488",2010-09-20
430,justintimberlakeVEVO,"  5,310,742,874","  6,340,000",     71,2009-09-02
431,acdcVEVO,"  5,301,947,101","  3,000,000",    184,2009-09-02
432,PlanetaOfficial,"  5,283,755,967","  2,210,000","  5,627",2012-05-03
433,DrossRotzank,"  5,263,728,832"," 21,500,000","  1,427",2006-03-09
434,M2,"  5,254,330,981","  7,290,000"," 13,863",2014-04-29
435,PTXofficial,"  5,244,230,887"," 19,000,000",    280,2011-09-10
436,DemiLovatoVEVO,"  5,233,826,200"," 11,300,000",    196,2009-05-12
437,MariahCareyVEVO,"  5,220,390,282","  3,130,000",    445,2009-05-12
438,เรื่องเล่าเช้านี้,"  5,186,109,781","  7,680,000"," 93,356",2012-06-15
439,Red Hot Chili Peppers,"  5,135,403,147","  6,120,000",    127,2007-02-06
440,YTN news,"  5,134,084,311","  2,420,000","543,710",2013-05-23
441,DC Kids,"  5,124,298,520","  5,750,000","  1,416",2015-03-12
442,T-Series Hamaar Bhojpuri,"  5,123,932,708","  9,960,000","  8,822",2011-11-01
443,Tasty,"  5,121,041,920"," 20,500,000","  4,135",2016-01-22
444,Netflix Jr.,"  5,009,827,987","  7,830,000","  1,309",2012-01-28
445,Toy Trains 4u,"  4,985,812,266","  3,570,000","  3,594",2007-03-25
446,Rafa & Luiz,"  4,982,826,963"," 15,400,000","  1,530",2015-08-26
447,Martin Garrix,"  4,981,010,781"," 14,100,000",    218,2011-01-15
448,TV9 Telugu Live,"  4,971,493,220","  7,740,000","129,896",2011-12-15
449,TravisScottVEVO,"  4,949,200,119","  1,980,000",     68,2012-09-15
450,TopMovieClips,"  4,930,527,142","  7,320,000",    290,2017-01-22
451,Synergy تامر مرسي,"  4,928,323,431","  5,740,000","  9,716",2017-04-05
452,DJKhaledVEVO,"  4,924,942,257","  5,030,000",     93,2010-02-15
453,Анимационные сериалы,"  4,905,864,407","  6,230,000","  2,062",2014-03-17
454,AWESMR pop,"  4,904,145,598","  7,030,000","  2,816",2013-10-02
455,DUDU e CAROL,"  4,875,445,617"," 13,800,000","  3,135",2013-03-02
456,FARRUKOVEVO,"  4,870,847,132","  5,810,000",    109,2010-04-26
457,MBC THE VOICE KIDS,"  4,867,797,470","  8,000,000",    726,2015-02-17
458,Linus Tech Tips,"  4,867,193,631"," 13,600,000","  5,390",2008-11-25
459,MarkRonsonVEVO,"  4,863,429,727","  3,720,000",    113,2009-09-02
460,MBCdrama,"  4,829,731,711","  4,270,000"," 53,564",2009-03-01
461,Sing King,"  4,827,726,406","  8,970,000","  2,760",2012-11-16
462,Maiara e Maraisa,"  4,826,870,773","  8,270,000",    125,2013-08-09
463,Nickelodeon,"  4,826,337,340","  9,370,000","  3,326",2005-10-10
464,옛드 : 옛날 드라마 [드라맛집],"  4,813,589,171","  2,740,000"," 45,941",2011-12-26
465,Tekashi 6ix9ine,"  4,809,915,599"," 19,600,000",     25,2018-04-06
466,5-Minute Crafts PLAY,"  4,803,049,265"," 19,200,000","  3,263",2017-10-30
467,ولاية بطيخ | Melon City Show,"  4,800,290,841"," 11,600,000","  1,319",2016-01-30
468,Mor Haryanvi,"  4,796,959,820"," 10,400,000",    390,2015-03-24
469,OGGY,"  4,785,850,519","  9,520,000",    780,2014-10-24
470,GRM Daily,"  4,785,332,744","  4,250,000"," 10,982",2011-08-25
471,Lachlan,"  4,767,575,317"," 14,700,000","  3,521",2013-03-19
472,TazerCraft,"  4,763,968,497"," 12,700,000","  3,682",2011-07-13
473,Monde des Titounis,"  4,755,916,438","  5,410,000",    887,2006-07-10
474,Boram Tube ToysReview [보람튜브 토이리뷰],"  4,754,451,911",         NULL,    471,2016-05-18
475,CamilaCabelloVEVO,"  4,749,312,453","  5,130,000",     56,2016-10-24
476,AP International,"  4,741,639,433","  6,960,000"," 22,906",2006-12-10
477,ĐÔNG TÂY PROMOTION OFFICIAL,"  4,704,670,633","  7,250,000","  7,996",2014-12-17
478,MBC GROUP,"  4,695,192,302","  8,290,000","  7,910",2005-11-24
479,BonJoviVEVO,"  4,688,507,402","  2,870,000",    143,2009-05-12
480,JessieJVEVO,"  4,684,030,007","  6,590,000",     83,2010-11-03
481,Lele Pons,"  4,666,916,585"," 17,700,000",    136,2015-09-19
482,MileyCyrusVEVO,"  4,661,536,819"," 10,200,000",     94,2009-05-12
483,FaZe Rug,"  4,623,640,340"," 19,300,000","  1,806",2012-07-12
484,W2S,"  4,622,019,381"," 16,000,000",    654,2012-07-26
485,KidsTV123,"  4,607,953,135","  4,000,000",    223,2009-02-28
486,SOMOY TV,"  4,593,424,117"," 10,700,000"," 79,626",2015-10-21
487,MTZ Manuel Turizo,"  4,587,293,916","  8,060,000",     61,2016-12-06
488,SUPER SLICK SLIME SAM,"  4,582,500,307"," 13,900,000",    544,2018-01-23
489,National Geographic,"  4,568,083,060"," 17,800,000","  9,614",2006-05-07
490,ETV Dhee,"  4,567,125,680","  7,710,000","  2,061",2017-10-10
491,Теремок - Песенки для детей,"  4,565,416,520","  7,890,000",    698,2014-11-17
492,tvN,"  4,558,906,135","  3,230,000"," 58,426",2010-09-06
493,Macklemore LLC,"  4,556,368,014","  8,460,000",    142,2006-11-28
494,HolaSoyGerman.,"  4,546,818,332"," 42,700,000",    136,2011-09-08
495,Metallica,"  4,535,889,145","  7,370,000","  1,668",2007-01-30
496,PrinceRoyceVEVO,"  4,533,841,159","  5,810,000",    147,2010-02-19
497,Wassabi,"  4,528,649,816"," 11,500,000","  1,092",2006-01-25
498,Первый канал,"  4,519,356,838","  6,680,000"," 21,475",2006-04-03
499,AvrilLavigneVEVO,"  4,517,789,760","  6,850,000",     94,2009-09-02
500,Kuplinov ► Play,"  4,510,467,735"," 11,000,000","  6,087",2012-12-23
501,Trap City,"  4,506,852,417"," 14,100,000","  2,285",2012-10-12
502,Chouftv - شوف تيفي,"  4,503,539,210","  6,720,000","123,803",2012-12-01
503,KBS Kpop,"  4,503,034,424","  6,150,000"," 28,263",2011-12-28
504,KN Channel,"  4,488,355,711","  6,290,000",    838,2014-11-23
505,Enaldinho,"  4,486,387,302"," 16,800,000","  1,693",2012-11-07
506,Disney UK,"  4,464,385,871","  6,290,000","  1,457",2007-12-07
507,Clevver News,"  4,461,683,387","  4,820,000"," 22,871",2010-05-30
508,Willyrex,"  4,443,894,985"," 16,800,000","  5,723",2009-08-09
509,Puthiyathalaimurai TV,"  4,434,751,992","  7,630,000","250,986",2012-06-30
510,TuTiTuTV,"  4,422,589,349","  4,440,000",    915,2010-07-26
511,Официальный канал КВН,"  4,421,906,852","  5,380,000","  8,493",2005-11-26
512,ExtremeToys TV,"  4,416,908,811","  6,540,000",    324,2015-05-05
513,TLC,"  4,410,912,198","  6,460,000","  6,197",2006-01-07
514,ExtraPolinesios,"  4,408,171,242"," 16,200,000",    434,2012-06-03
515,5-Minute Crafts GIRLY,"  4,402,544,010"," 20,400,000","  3,086",2018-01-18
516,Stephen Sharer,"  4,398,764,179","  8,950,000",    811,2006-02-27
517,SBS NOW / SBS 공식 채널,"  4,394,219,171","  4,450,000"," 19,555",2011-01-10
518,Капуки Кануки,"  4,390,993,141","  3,310,000","  1,192",2011-07-18
519,Nick Jr. Россия,"  4,389,078,351","  5,780,000",    982,2017-07-27
520,EvanTubeHD,"  4,384,471,144","  6,930,000",    782,2011-09-21
521,icanrockyourworld,"  4,382,689,409","  8,530,000",      8,2007-03-13
522,UnspeakableGaming,"  4,359,128,974"," 10,700,000","  2,363",2012-10-09
523,ELLO,"  4,358,397,453","  4,050,000","  8,435",2005-11-19
524,Zee Telugu,"  4,357,211,469"," 11,200,000"," 73,938",2008-03-14
525,AnuelVEVO,"  4,356,008,632","  2,570,000",     34,2015-07-06
526,Vie Channel - HTV2,"  4,354,771,230","  9,160,000","  7,928",2012-06-04
527,Awakening Music,"  4,352,668,373"," 11,400,000",    608,2006-12-25
528,Cut,"  4,349,932,465"," 10,600,000","  1,491",2014-10-29
529,AlHayah TV Network,"  4,349,781,280","  8,220,000","155,459",2014-06-05
530,FRESH Movie Trailers,"  4,349,674,821","  5,170,000","  7,517",2011-06-27
531,Disney Junior España,"  4,347,137,560","  7,280,000","  2,191",2011-04-25
532,СМОТРИМ. Русские сериалы,"  4,347,136,342","  6,850,000","  6,868",2015-03-31
533,عائلة فيحان,"  4,342,309,582","  5,590,000",    806,2013-02-14
534,Funny Stop Motion videos,"  4,342,072,445","  8,490,000","  2,688",2013-01-28
535,JP Plays,"  4,341,853,684"," 10,500,000","  3,244",2014-10-08
536,Lyna,"  4,341,428,302"," 10,400,000","  4,009",2014-09-08
537,YOGSCAST Lewis & Simon,"  4,331,922,522","  7,160,000","  5,331",2008-07-09
538,The LaBrant Fam,"  4,327,768,812"," 13,100,000",    543,2012-08-24
539,wisinofficalVEVO,"  4,327,581,996","  4,370,000",     78,2013-09-26
540,RotonMusicTV,"  4,325,951,979","  4,670,000","  1,521",2012-09-03
541,Parafernalha,"  4,325,685,327"," 12,500,000","  1,092",2011-05-13
542,ボンボンTV,"  4,310,519,661","  2,170,000","  6,546",2015-06-19
543,Маша та Ведмідь,"  4,303,196,472"," 10,100,000",    800,2014-07-17
544,Genieland,"  4,302,953,071","  6,540,000","  2,423",2014-05-21
545,ThaliaVEVO,"  4,300,040,627","  2,280,000",    162,2009-12-02
546,Tu COSMOPOLIS,"  4,286,064,636"," 16,000,000","  4,567",2014-08-28
547,LMFAOVEVO,"  4,278,105,843","  7,750,000",     28,2009-05-12
548,GamingWithKev,"  4,265,803,938","  7,600,000","  2,292",2015-05-08
549,Netflix,"  4,264,401,063"," 20,300,000","  4,847",2012-07-17
550,Howcast,"  4,262,919,271","  8,560,000"," 22,656",2007-10-04
551,Aventura,"  4,261,581,790","  4,470,000",    103,2006-01-06
552,FAP TV,"  4,253,318,947"," 12,700,000",    542,2014-02-26
553,Rans Entertainment,"  4,253,314,400"," 20,800,000","  2,231",2015-12-27
554,Reaction Time,"  4,249,002,463"," 15,200,000","  1,663",2015-04-25
555,Câmeras Escondidas Programa Silvio Santos,"  4,231,983,108","  7,500,000","  1,298",2013-11-04
556,Power Rangers Official,"  4,229,263,691","  8,270,000","  3,448",2010-11-25
557,jesseyjoyoficial,"  4,223,419,701","  6,720,000",    202,2009-06-03
558,ElTrollino,"  4,220,002,187"," 14,900,000","  1,479",2013-05-18
559,SyrebralVibes,"  4,210,881,668","  6,740,000",    430,2013-06-30
560,滾石唱片 ROCK RECORDS,"  4,210,202,107","  2,990,000","  4,766",2010-06-08
561,CoryxKenshin,"  4,207,989,805","  9,950,000","  1,568",2009-04-27
562,Wish 107.5,"  4,205,810,183"," 11,300,000","  1,306",2014-07-13
563,NTV Telugu,"  4,205,792,553","  5,290,000","201,273",2014-08-24
564,Proximity,"  4,194,686,581","  8,850,000","  1,753",2009-04-12
565,KBS Drama,"  4,182,299,880","  3,450,000","113,107",2011-12-28
566,JRE Clips,"  4,180,508,546","  6,010,000","  5,393",2017-01-18
567,TVSmeshariki,"  4,174,153,504","  3,190,000",    988,2011-04-29
568,Adexe & Nau,"  4,170,701,763"," 11,900,000",    420,2013-12-22
569,TRT Çocuk,"  4,169,297,615","  5,170,000","  4,081",2012-04-11
570,Dance India Dance,"  4,158,882,047","  8,890,000","  5,210",2009-01-27
571,Mohamed Ramadan I محمد رمضان,"  4,152,526,744"," 12,800,000",    515,2014-10-31
572,Gato Galactico,"  4,151,078,518"," 14,300,000","  1,225",2013-04-02
573,Shemaroo Movies,"  4,146,376,011"," 16,000,000","  1,157",2011-03-01
574,Pina Records,"  4,135,404,580"," 10,200,000",    330,2008-07-02
575,Dharma Productions,"  4,115,961,593","  8,850,000","  1,067",2010-03-15
576,JTBC Drama,"  4,098,598,117","  4,000,000"," 22,111",2012-02-08
577,Zee Bangla,"  4,097,894,538"," 10,800,000"," 72,164",2008-02-26
578,The Daily Show with Trevor Noah,"  4,079,271,018","  9,310,000","  3,404",2016-05-26
579,Kodak Black,"  4,077,999,622","  6,980,000",    315,2013-03-28
580,DokuzSekiz Müzik,"  4,076,810,157","  3,120,000","  2,425",2012-09-26
581,AkonVEVO,"  4,075,465,221","  3,550,000",     53,2009-05-12
582,Brave Wilderness,"  4,073,792,355"," 18,800,000",    674,2014-09-08
583,Unbox Therapy,"  4,072,154,695"," 18,000,000","  1,934",2010-12-21
584,Thuy Nga,"  4,066,592,361","  4,720,000","  3,237",2015-02-11
585,Selena,"  4,062,876,290","  2,610,000","  3,793",2017-03-16
586,Talent Recap,"  4,062,570,920","  7,960,000","  4,012",2016-07-05
587,UFC - Ultimate Fighting Championship,"  4,053,056,022"," 11,800,000"," 10,038",2006-03-04
588,OficialMana,"  4,046,710,445","  4,410,000",    145,2009-12-09
589,Planeta das Gêmeas,"  4,044,335,546"," 14,400,000",    747,2015-11-21
590,Univision Noticias,"  4,039,978,017","  6,080,000"," 59,810",2012-02-26
591,MuzikPlay,"  4,037,575,382","  3,370,000","  6,902",2013-11-30
592,CNN Indonesia,"  4,020,537,182","  8,050,000"," 57,841",2014-02-20
593,EBS 키즈,"  4,010,053,860","  3,270,000"," 18,388",2011-06-02
594,BuzzFeed Multiplayer,"  3,999,605,401","  9,930,000","  1,819",2014-05-05
595,Madonna,"  3,998,511,352","  4,840,000",    313,2005-10-31
596,Deji,"  3,996,099,273"," 10,500,000","  1,942",2011-12-01
597,Ini Talk Show,"  3,994,527,619","  9,050,000","  5,700",2014-04-22
598,KhalidVEVO,"  3,993,413,808","  2,290,000",     94,2016-08-29
599,Bie The Ska,"  3,989,742,625"," 12,800,000","  1,162",2006-10-03
600,Show Ana Haber,"  3,988,637,903","  2,100,000"," 43,668",2014-08-12
601,H2ODelirious,"  3,986,854,851"," 13,300,000","  2,524",2007-05-24
602,Daily Bumps,"  3,978,381,606","  5,110,000","  2,477",2012-12-31
603,Rasmey Hang Meas,"  3,969,164,575","  5,200,000","  4,111",2014-02-27
604,حِرف إبداعية في 5 دقائق,"  3,964,291,639"," 14,700,000","  3,683",2017-12-08
605,Disney,"  3,963,553,354","  5,580,000","  5,676",2008-05-03
606,Larva TUBA,"  3,958,981,798","  9,160,000","  2,725",2011-09-23
607,GEazyMusicVEVO,"  3,955,716,839","  3,720,000",    161,2014-04-25
608,Kids smile TV,"  3,942,345,389","  9,890,000",    178,2017-11-24
609,Makiman131,"  3,934,311,983"," 14,100,000","  2,784",2013-02-12
610,Telefe,"  3,932,933,265","  4,960,000"," 77,059",2012-09-10
611,Bratayley,"  3,930,595,525","  7,290,000","  2,613",2010-12-30
612,ZENSE Entertainment,"  3,924,710,056","  6,630,000"," 14,831",2010-12-13
613,SuperHeroKids,"  3,912,072,046","  6,680,000",    333,2015-09-19
614,Luan Santana,"  3,910,774,402"," 10,700,000",    356,2009-03-10
615,Три Кота,"  3,909,769,734","  4,900,000",    617,2015-12-03
616,whitneyhoustonVEVO,"  3,909,645,580","  2,590,000",     81,2009-09-02
617,My Little Pony Official,"  3,908,697,978","  3,470,000","  1,661",2013-06-24
618,Lil pump,"  3,905,649,486"," 17,700,000",     43,2015-10-15
619,POPS Kids,"  3,894,494,623"," 13,600,000","  5,404",2014-01-14
620,Marvel Entertainment,"  3,886,652,282"," 16,000,000","  7,311",2005-06-16
621,ماشا و الدب,"  3,884,351,747","  8,880,000",    515,2017-05-16
622,Ennahar tv,"  3,880,492,766","  7,700,000","188,361",2013-01-01
623,Mickey Mouse,"  3,880,462,239","  5,610,000",    256,2008-03-12
624,SlivkiShow,"  3,876,044,202"," 19,000,000",    376,2012-12-11
625,Ghiền Mì Gõ,"  3,873,757,083","  6,410,000",    881,2015-06-30
626,Rclbeauty101,"  3,869,248,498"," 14,600,000",    469,2010-12-14
627,FavijTV,"  3,868,131,738","  6,150,000","  2,803",2012-12-08
628,Troom Troom PT,"  3,860,431,842"," 11,700,000","  2,025",2015-04-19
629,The Voice Thailand,"  3,854,537,507","  5,910,000","  2,489",2012-09-03
630,Ricis Official,"  3,847,109,599"," 25,800,000","  1,385",2016-01-15
631,CaptainSparklez,"  3,846,897,018"," 11,200,000","  5,415",2010-07-20
632,ЕвгенБро,"  3,839,747,403","  8,060,000","  1,728",2016-07-14
633,TygaVEVO,"  3,838,578,072","  3,440,000",    147,2010-03-01
634,cricket.com.au,"  3,825,858,636","  8,070,000"," 10,252",2008-12-05
635,KOCOWA TV,"  3,823,633,383","  6,070,000"," 11,144",2017-07-07
636,湖南卫视芒果TV官方频道 China HunanTV Official Channel,"  3,823,630,070","  4,320,000"," 52,226",2013-01-29
637,Анатолий Шарий,"  3,822,191,898","  2,460,000","  7,259",2013-05-13
638,ALL THE K-POP,"  3,814,127,955","  6,330,000"," 18,891",2012-04-26
639,TV-People,"  3,812,543,249","  3,430,000"," 17,470",2014-05-27
640,Programa Pânico Lab,"  3,811,558,058","  9,620,000","  3,657",2014-11-20
641,SlenderMan™,"  3,811,345,899","  5,210,000","  1,676",2017-01-10
642,Lokdhun Punjabi,"  3,811,027,006"," 11,500,000","  1,441",2010-12-27
643,Sky Does Everything,"  3,807,669,344"," 11,300,000","  2,103",2011-02-28
644,PopArt Discos,"  3,807,057,757","  2,700,000","  2,863",2009-02-24
645,DIEN QUAN Comedy / Hài,"  3,806,787,363","  5,850,000","  3,960",2014-12-17
646,Kaykai Salaider,"  3,806,641,913"," 15,200,000",    377,2011-01-24
647,Movie Talkies,"  3,806,236,369","  6,480,000"," 28,104",2008-12-10
648,Google India,"  3,799,747,736","  5,570,000",    459,2007-07-19
649,Totoykids Español,"  3,793,552,428"," 10,600,000",    247,2017-09-07
650,★ Kids Roma Show,"  3,791,566,750"," 13,200,000",    523,2015-05-12
651,Blossom,"  3,791,446,889"," 12,400,000",    402,2017-06-01
652,truTV,"  3,781,884,103","  2,830,000","  5,384",2008-02-26
653,MBC The Voice,"  3,779,682,556","  6,070,000","  1,685",2012-07-19
654,atiempopreescolar,"  3,779,332,826","  6,490,000",    235,2009-04-22
655,América Televisión - Novelas,"  3,769,713,842","  4,640,000"," 18,764",2015-07-09
656,DIEN QUAN Entertainment / Giải Trí,"  3,766,227,177","  5,530,000","  6,983",2015-11-03
657,Denis,"  3,754,634,085","  9,160,000","  2,449",2016-03-10
658,UsherVEVO,"  3,752,925,565","  3,590,000",    109,2009-10-15
659,djvlad,"  3,751,633,410","  4,610,000"," 19,901",2006-07-10
660,twenty one pilots,"  3,751,516,879"," 12,200,000",    135,2009-09-05
661,EeOneGuy,"  3,751,010,547"," 17,800,000",    347,2013-03-19
662,Entertainment Tonight,"  3,750,134,904","  4,230,000"," 32,141",2006-08-30
663,INNA,"  3,750,017,680","  6,610,000",    837,2009-05-19
664,Tv9 Kannada,"  3,743,008,829",         NULL," 99,115",2010-03-18
665,OHA diyorum!,"  3,738,142,071","  5,650,000","  2,824",2014-07-09
666,ZaynVEVO,"  3,738,024,253","  6,000,000",     90,2016-01-22
667,whinderssonnunes,"  3,735,138,785"," 42,500,000",    383,2013-01-21
668,ERB,"  3,731,333,441"," 14,800,000",     83,2006-02-08
669,Telugu Filmnagar,"  3,719,178,826","  9,540,000"," 20,421",2011-02-11
670,RobleisIUTU,"  3,715,803,384"," 15,000,000",    893,2013-04-15
671,Pablo Alborán,"  3,711,310,796","  5,090,000",    198,2010-09-20
672,Beşiktaş Kültür Merkezi (BKM),"  3,709,983,118","  3,240,000","  5,551",2011-06-02
673,Elhiwar Ettounsi,"  3,707,569,638","  6,460,000"," 12,280",2014-02-01
674,THVL Giải Trí,"  3,700,317,824","  4,530,000"," 23,837",2016-02-20
675,Jazzghost,"  3,692,244,116"," 11,400,000","  4,607",2012-08-30
676,Screen Rant,"  3,682,751,660","  8,160,000","  4,184",2008-08-18
677,Аид [VyacheslavOO],"  3,680,914,280","  8,920,000","  2,242",2012-12-21
678,스브스케이팝 / SBS KPOP,"  3,678,507,577","  5,720,000"," 24,964",2011-02-17
679,TheOdd1sOut,"  3,675,500,541"," 16,800,000",    115,2014-08-30
680,TV Azteca Novelas y Series,"  3,674,685,025","  5,780,000","  5,390",2012-04-03
681,AuronPlay,"  3,662,755,916"," 28,100,000",    406,2006-02-28
682,Infinite,"  3,657,738,647"," 17,800,000","  1,370",2014-08-21
683,RaeSremmurdVEVO,"  3,657,182,375","  5,370,000",     50,2014-07-01
684,Passenger,"  3,649,079,495","  6,380,000",    307,2006-12-05
685,SeikinTV,"  3,644,023,579","  3,990,000","  1,790",2012-01-29
686,Viki Show,"  3,643,169,954","  9,030,000",    544,2016-02-15
687,Thơ Nguyễn,"  3,641,278,678","  8,920,000",    631,2016-03-06
688,SBS TV동물농장x애니멀봐,"  3,639,708,340","  4,020,000","  2,914",2015-09-03
689,5-Minute Crafts FAMILY,"  3,636,823,091"," 13,100,000","  2,355",2018-12-13
690,Popcorn,"  3,634,630,593","  4,310,000","  4,576",2013-06-14
691,TheBrianMaps,"  3,633,644,542"," 15,500,000",    446,2012-06-04
692,КУКУТИКИ - Детские песенки и мультики,"  3,628,546,076","  4,030,000",    297,2014-11-17
693,Step Records,"  3,627,717,185","  3,520,000","  2,535",2009-01-04
694,Muselk,"  3,623,966,887","  9,460,000","  1,930",2012-01-13
695,兄者弟者,"  3,622,075,167","  3,010,000","  7,001",2010-05-05
696,ChuChuTV Español,"  3,621,044,459","  8,890,000",    329,2015-12-22
697,Arcangel,"  3,619,143,822","  9,480,000",    149,2015-04-24
698,米津玄師,"  3,618,410,547","  5,850,000",     67,2010-03-31
699,PlayStation,"  3,617,264,783"," 13,200,000"," 15,351",2005-12-16
700,Its JoJo Siwa,"  3,611,239,983"," 12,300,000",    672,2015-02-01
701,ChinoNachoVEVO,"  3,609,897,416","  3,250,000",     30,2010-05-21
702,Dek Jew Chill Out,"  3,606,082,134","  4,500,000","  4,204",2014-11-03
703,Insider,"  3,600,886,689","  6,780,000","  7,138",2015-09-25
704,platinumrecordsmusic,"  3,598,172,504","  7,180,000",    524,2008-09-02
705,Juice WRLD,"  3,596,536,002","  8,700,000",    113,2018-01-30
706,ChuChuTV Surprise Eggs Learning Videos,"  3,579,410,507","  6,480,000",    153,2015-03-24
707,Zee Tamil,"  3,578,314,858","  9,190,000"," 40,049",2008-08-26
708,TrapMusicHDTV,"  3,577,473,356"," 10,400,000",    687,2013-07-15
709,Al Fondo hay Sitio,"  3,577,148,497","  2,350,000","  7,773",2012-02-14
710,KanyeWestVEVO,"  3,577,061,774","  3,540,000",     85,2009-05-12
711,Flo Rida,"  3,571,035,740","  5,190,000",    129,2007-10-29
712,Phương Hữu Dưỡng,"  3,568,794,303","  6,530,000",    776,2017-03-16
713,Paluten,"  3,564,135,383","  4,190,000","  6,079",2012-10-17
714,NDTV,"  3,562,636,352"," 10,400,000","103,339",2006-05-08
715,VICE,"  3,560,840,123"," 14,400,000","  3,425",2005-12-16
716,NirvanaVEVO,"  3,552,680,979","  2,940,000",    107,2009-05-12
717,News18 India,"  3,544,249,680"," 12,000,000"," 75,604",2007-10-25
718,Gorillaz,"  3,542,992,959","  7,930,000",    250,2005-11-11
719,LanaDelReyVEVO,"  3,536,285,397","  5,700,000",     64,2011-10-11
720,RT en Español,"  3,534,451,470","  4,990,000"," 79,069",2009-12-17
721,Netmediatama,"  3,523,987,053","  7,120,000"," 28,885",2012-12-26
722,水溜りボンド,"  3,521,913,292","  4,150,000","  2,314",2014-10-06
723,NBC News,"  3,519,502,186","  5,600,000"," 31,518",2006-07-19
724,Pinkfong en español - Canciones Infantiles,"  3,513,820,140","  8,810,000","  1,044",2016-03-16
725,OficialHungria,"  3,512,260,109"," 11,500,000",     57,2013-04-13
726,And TV,"  3,510,319,252"," 13,400,000"," 10,444",2015-01-02
727,ヒカル（Hikaru）,"  3,507,057,883","  4,380,000","  1,736",2016-03-18
728,BCC Gaming,"  3,503,429,158"," 10,200,000","  4,449",2011-05-12
729,Rosanna Pansino,"  3,494,252,011"," 12,800,000",    821,2010-04-08
730,Truyen Hinh Vinh Long,"  3,493,614,328","  4,480,000"," 18,080",2014-09-24
731,Rai,"  3,488,843,289","  4,220,000"," 34,711",2005-09-27
732,Sony Pictures Entertainment,"  3,481,133,207","  4,760,000","  3,839",2006-06-02
733,Kids Channel - Cartoon Videos for Kids,"  3,475,471,280","  5,800,000","  2,361",2013-07-13
734,AdMe.ru - Сайт о творчестве,"  3,475,206,218"," 14,700,000","  4,176",2015-04-20
735,NAGASWARA Official Video | Indonesian Music Channel,"  3,474,774,376","  7,590,000","  1,462",2012-02-24
736,SurpriseToys,"  3,473,029,172","  2,960,000",     65,2012-11-17
737,Kurt Hugo Schneider,"  3,472,078,774"," 13,400,000",    569,2007-10-16
738,Фильмы и Сериалы Студии Квартал 95,"  3,469,458,999","  3,300,000",    524,2014-06-25
739,PDK Films,"  3,467,506,176"," 16,900,000",    109,2009-07-21
740,ExplosmEntertainment,"  3,465,478,043"," 10,800,000",    866,2009-09-03
741,Looper,"  3,465,016,270","  5,450,000","  4,317",2015-11-25
742,iggyazaleamusicVEVO,"  3,464,814,342","  4,940,000",     73,2013-02-25
743,Haschak Sisters,"  3,463,330,640","  9,120,000",    268,2008-02-05
744,Lilly Singh,"  3,456,783,160"," 14,800,000",    810,2010-10-29
745,123 GO!,"  3,455,025,007"," 10,100,000",    225,2019-01-17
746,James Charles,"  3,445,669,255"," 25,200,000",    348,2015-12-01
747,عائلة عمر,"  3,438,298,759","  3,960,000",    509,2016-08-28
748,IDEIAS INCRÍVEIS,"  3,428,629,788"," 14,800,000","  3,922",2017-10-30
749,21 Savage,"  3,424,662,497","  7,580,000",    137,2014-02-09
750,Typical Gamer,"  3,424,352,352"," 11,800,000","  3,572",2008-08-24
751,The Q,"  3,424,122,661"," 11,500,000",    230,2017-01-15
752,BBC Earth,"  3,419,710,126","  9,690,000","  2,025",2009-02-25
753,Chill Nation,"  3,417,527,927"," 10,300,000","  1,705",2014-02-26
754,Niloya,"  3,410,394,550","  4,170,000",    569,2013-11-06
755,Camila Loures,"  3,407,748,786"," 13,300,000","  2,464",2014-05-27
756,YAPYAP,"  3,406,888,108","  5,010,000","  2,460",2013-11-25
757,Gronkh,"  3,406,529,925","  4,900,000"," 13,962",2006-03-12
758,Jaeguchi,"  3,405,815,217","  4,240,000",    584,2016-08-29
759,CinemaSins,"  3,403,019,719","  9,110,000",    951,2012-12-11
760,Mejores Juguetes,"  3,401,098,104"," 10,600,000",    511,2014-05-13
761,MaitreGimsVEVO,"  3,400,950,016","  3,900,000",     99,2013-02-19
762,Movieclips Coming Soon,"  3,395,331,316","  3,610,000"," 23,625",2011-01-07
763,America's Got Talent,"  3,394,003,509"," 19,700,000","  2,420",2006-06-29
764,Coca-Cola,"  3,392,534,844","  3,610,000","  4,223",2006-01-01
765,Miniminter,"  3,381,419,710","  9,550,000","  1,725",2008-02-17
766,RT,"  3,381,227,211","  4,310,000"," 55,579",2007-03-28
767,Россия 1,"  3,378,375,448","  6,660,000"," 15,004",2015-01-22
768,JFlaMusic,"  3,376,368,011"," 17,200,000",    279,2011-08-22
769,KygoOfficialVEVO,"  3,369,021,273","  2,980,000",     70,2014-11-18
770,Armada Music,"  3,367,531,568","  4,900,000"," 12,690",2006-08-30
771,Мастерская Настроения,"  3,366,194,502"," 13,700,000",    744,2013-08-10
772,LipaoGamer,"  3,362,535,514"," 10,900,000","  9,984",2011-10-01
773,FROST,"  3,355,162,632","  9,110,000","  1,701",2012-10-02
774,Atta Halilintar,"  3,349,494,521"," 27,600,000","  1,317",2014-01-26
775,ETV Plus India,"  3,343,216,744","  4,600,000"," 24,635",2013-04-23
776,ONE Media,"  3,338,152,169","  3,550,000","  4,864",2006-08-10
777,Brent Rivera,"  3,337,514,755"," 16,100,000",    407,2009-08-01
778,東森新聞 CH51,"  3,337,012,192","  1,570,000","295,185",2011-06-06
779,Saad Lamjarred | سعد لمجرد,"  3,330,447,843"," 12,700,000",    153,2012-12-22
780,As Aventuras de Poliana,"  3,329,830,751","  7,620,000","  1,746",2017-10-03
781,Söz Dizi,"  3,327,146,793","  4,300,000","  5,654",2017-02-27
782,Shahid,"  3,320,858,572","  7,380,000","  8,976",2011-07-09
783,NOW TIN MỚI,"  3,317,624,043",         NULL," 55,047",2013-07-19
784,The Key of Awesome,"  3,316,354,382","  5,460,000","  1,097",2007-06-11
785,Invento na Hora,"  3,315,519,934"," 13,400,000","  1,018",2014-10-18
786,The Voice Kids,"  3,310,424,890","  6,610,000",    983,2013-04-08
787,Coffi Channel,"  3,305,019,433","  7,810,000","  4,448",2014-06-23
788,Телеканал ТНТ,"  3,301,913,063","  6,920,000","  7,127",2007-07-24
789,Top Gear,"  3,297,541,694","  8,020,000","  1,436",2006-03-27
790,Chris Smoove,"  3,297,287,874","  5,040,000","  8,102",2006-03-20
791,Disney FR,"  3,296,495,406","  4,390,000","  2,565",2007-12-07
792,HowToBasic,"  3,293,409,375"," 16,600,000",    550,2011-12-08
793,Lindsey Stirling,"  3,278,561,388"," 12,900,000",    156,2007-05-20
794,Bebe Rexha,"  3,277,232,084","  8,550,000",    117,2008-10-02
795,Los Juguetes de Titi,"  3,276,818,038","  7,920,000","  1,503",2015-05-29
796,Kitchen Nightmares,"  3,275,825,315","  5,510,000","  1,221",2008-08-04
797,Bart Baker,"  3,274,689,649","  9,990,000",    204,2006-12-01
798,Slipknot,"  3,267,014,586","  6,450,000",    197,2006-10-16
799,Yeni Gelin,"  3,262,366,006","  2,200,000","  1,508",2017-02-10
800,BB Ki Vines,"  3,261,769,325"," 20,600,000",    171,2015-06-20
801,Coisa de Nerd,"  3,259,553,282"," 10,900,000","  1,941",2009-11-05
802,LIL UZI VERT,"  3,252,936,312","  8,060,000",    162,2014-02-16
803,Top Channel Albania,"  3,246,344,128","  1,700,000","175,801",2011-06-23
804,NhacPro Tube,"  3,243,320,950","  6,160,000",    569,2015-03-03
805,Gordon Ramsay,"  3,239,575,958"," 17,700,000","  1,051",2006-04-29
806,IDEAS EN 5 MINUTOS,"  3,237,194,410"," 15,900,000","  3,943",2017-10-30
807,Rammstein Official,"  3,232,936,556","  5,640,000",    123,2015-06-24
808,FIFATV,"  3,223,623,511","  9,670,000","  8,686",2006-09-06
809,BBC News عربي,"  3,220,171,360","  8,530,000"," 32,700",2009-04-07
810,MoonKase,"  3,219,857,077","  7,650,000","  4,580",2012-01-30
811,HalseyVEVO,"  3,215,229,005","  2,900,000",    182,2014-06-23
812,FutParódias,"  3,214,764,970","  8,820,000",    506,2016-12-29
813,TKOR,"  3,213,371,343"," 12,600,000","  1,359",2010-01-04
814,MondoMedia,"  3,212,906,621","  5,100,000","  1,526",2007-01-22
815,EHPMusicChannel,"  3,211,961,454","  1,990,000","  2,311",2017-08-19
816,BackstreetBoysVEVO,"  3,210,735,477","  1,850,000",     92,2009-10-15
817,LilWayneVEVO,"  3,206,811,438","  4,800,000",     58,2009-05-12
818,melanie martinez,"  3,205,812,065"," 12,600,000",     96,2007-11-03
819,ashish chanchlani vines,"  3,202,421,897"," 25,100,000",    143,2009-07-06
820,Вечерний Ургант,"  3,196,020,270","  6,160,000","  8,852",2012-01-17
821,The Infographics Show,"  3,194,658,057"," 10,000,000","  2,573",2011-02-26
822,FOX,"  3,193,694,249","  4,300,000"," 13,219",2014-02-18
823,Toys And Funny Kids Play Doh Cartoons,"  3,191,588,339","  9,820,000","  4,379",2013-04-24
824,Disney,"  3,186,243,370","  5,260,000",    903,2012-02-11
825,PineappleStormTV,"  3,176,651,809","  8,930,000",    262,2016-12-26
826,Hulyan Maya,"  3,176,634,468","  1,740,000","  3,525",2008-07-18
827,BANDA MS,"  3,161,132,795","  3,840,000",    228,2013-02-05
828,XpressTV,"  3,159,800,731"," 14,000,000",    508,2014-11-17
829,AndrewSchrock,"  3,155,876,716","  4,050,000","  3,128",2007-06-12
830,AfacanTV,"  3,155,626,687","  4,960,000",    235,2013-11-25
831,AlJazeera Channel قناة الجزيرة,"  3,155,130,193","  8,760,000","129,239",2007-03-26
832,Barbie,"  3,149,662,970"," 10,500,000","  2,222",2005-10-08
833,PrestonPlayz,"  3,149,384,661"," 10,400,000",    523,2018-03-13
834,Young Thug,"  3,144,272,384","  5,340,000",    223,2013-09-13
835,DaddyYankeeVEVO,"  3,133,615,380","  3,940,000",     41,2009-05-12
836,相信音樂BinMusic,"  3,133,113,096","  2,550,000","  1,667",2009-08-10
837,الحب لا يفهم الكلام,"  3,126,058,998","  4,550,000",    451,2018-06-11
838,Peppa Pig em Português Brasil - Canal Oficial,"  3,124,994,834"," 11,000,000",    878,2014-05-06
839,Green Day,"  3,120,171,385","  5,270,000",    201,2005-10-13
840,SBT,"  3,118,105,987"," 10,900,000"," 25,032",2008-02-03
841,Crescendo com Luluca,"  3,117,494,269"," 10,900,000",    932,2015-08-30
842,BBC Radio 1,"  3,116,608,703","  7,310,000","  4,390",2006-03-08
843,systemofadownVEVO,"  3,116,578,424","  2,790,000",     29,2009-09-02
844,Tiana,"  3,115,029,859"," 11,500,000",    977,2015-04-05
845,MrGear,"  3,114,686,748"," 11,700,000",    746,2015-06-17
846,DORETDEPLATINE,"  3,111,934,468","  5,520,000",    201,2012-11-21
847,lunacreciente,"  3,106,873,638","  6,850,000","  2,048",2006-02-22
848,Çok Güzel Hareketler,"  3,103,933,876","  3,030,000","  1,326",2014-03-12
849,Мультики студии Союзмультфильм,"  3,101,484,231","  3,570,000","  1,099",2012-01-16
850,TVBS NEWS,"  3,090,921,385","  1,710,000","261,958",2006-04-11
851,UNIVERSAL MUSIC JAPAN,"  3,090,054,954","  4,360,000","  6,874",2008-03-13
852,Christina Perri,"  3,085,972,018","  5,900,000",    136,2006-10-07
853,Geo News,"  3,083,182,288","  9,530,000","108,708",2007-01-10
854,Shot of The Yeagers,"  3,082,278,309","  5,130,000","  1,456",2015-08-09
855,런닝맨 - 스브스 공식 채널,"  3,082,051,028","  2,450,000"," 53,392",2011-03-22
856,videogamedunkey,"  3,077,926,567","  6,770,000",    708,2010-10-21
857,FORMULA 1,"  3,072,511,176","  5,660,000","  3,976",2005-12-29
858,Madame Récré FR,"  3,066,821,389","  3,600,000","  1,737",2014-12-27
859,허팝Heopop,"  3,059,704,436","  3,780,000","  1,801",2014-07-30
860,디글 클래식 :Diggle Classic,"  3,056,497,007","  1,370,000"," 21,155",2019-03-21
861,Clash of Clans,"  3,048,962,559"," 17,400,000",    468,2013-01-31
862,Grown Ups Kids' Toys,"  3,045,371,182","  2,510,000","  1,163",2012-05-14
863,Universal Pictures,"  3,043,624,003","  4,990,000","  1,098",2006-06-19
864,Latina.pe,"  3,037,320,512","  4,680,000"," 48,286",2013-06-08
865,TRT TV,"  3,037,223,916","  3,120,000","  2,352",2013-11-04
866,Kiralık Aşk,"  3,035,740,181","  1,930,000","  1,630",2015-07-09
867,StarPro,"  3,034,302,904","  3,060,000","  3,415",2006-08-18
868,Monsta,"  3,033,966,087","  8,350,000","  1,497",2014-03-21
869,GoPro,"  3,027,509,867"," 10,400,000","  2,265",2009-03-11
870,Sen Anlat Karadeniz,"  3,021,967,576","  3,950,000","  1,991",2017-12-22
871,IULITMx,"  3,021,825,669","  4,300,000","  7,652",2013-06-09
872,Got Talent España,"  3,021,703,798","  7,710,000","  1,762",2016-01-11
873,Furious Jumper,"  3,019,253,968","  3,720,000","  4,232",2012-03-18
874,キヨ。,"  3,017,685,368","  3,280,000","  2,346",2014-03-01
875,LastWeekTonight,"  3,016,814,409","  8,730,000",    348,2014-03-18
876,The Real Daytime,"  3,009,066,780","  2,310,000"," 11,470",2013-06-05
877,MySpass,"  3,008,939,613","  2,330,000","  6,118",2009-02-12
878,Carinha de Anjo,"  3,007,981,185","  5,640,000","  1,876",2016-03-24
879,CAguileraVEVO,"  3,005,052,586","  2,490,000",     72,2009-09-02
880,Walt Disney Animation Studios,"  3,004,339,700","  4,840,000",    450,2008-03-25
881,TheBrainDit,"  3,000,604,820","  8,370,000","  7,745",2011-09-23
882,KendrickLamarVEVO,"  2,998,704,922","  7,240,000",     54,2011-02-09
883,Team Edge,"  2,998,198,114","  7,170,000",    679,2015-09-08
884,NewShowBiz完全娛樂,"  2,996,093,921","  2,750,000"," 15,950",2014-04-29
885,7 Minutoz,"  2,994,558,250"," 11,100,000",    472,2012-06-04
886,Jen Smith,"  2,988,494,804","  8,550,000","  1,940",2009-10-09
887,johnlegendVEVO,"  2,983,908,366","  3,940,000",    188,2009-09-02
888,Robin Schulz,"  2,980,986,548","  3,360,000",    290,2011-02-23
889,How It Should Have Ended,"  2,977,251,424"," 10,100,000",    398,2007-03-05
890,Мульт,"  2,974,706,417","  3,920,000","  1,659",2016-03-15
891,Ray William Johnson,"  2,974,265,058","  9,550,000",    892,2008-05-26
892,Alan Becker,"  2,971,938,635"," 15,600,000",    108,2006-07-24
893,WooHoo,"  2,970,244,272","  7,230,000",    546,2019-05-20
894,The Noite com Danilo Gentili,"  2,966,790,826","  9,720,000","  8,462",2014-01-22
895,The Game Theorists,"  2,963,369,531"," 14,300,000",    578,2009-08-22
896,coilbook™ | Learning For Children,"  2,959,748,354","  3,240,000",    138,2011-04-15
897,NightcoreReality,"  2,953,460,495","  3,950,000",    324,2013-04-25
898,Flavia Calina,"  2,950,271,294","  7,900,000","  1,967",2007-05-10
899,Adult Swim,"  2,949,366,920","  5,330,000","  6,358",2006-03-03
900,So Yummy,"  2,945,776,485","  9,150,000",    411,2016-12-16
901,JonasBlueVEVO,"  2,933,709,448","  2,030,000",     95,2015-12-07
902,Bedaya TV l قناة بداية الفضائية,"  2,933,495,823","  1,980,000"," 45,536",2011-06-16
903,CrazyRussianHacker,"  2,932,000,588"," 11,500,000","  1,748",2012-05-18
904,Busy Beavers - Kids Learn ABCs 123s & More,"  2,925,612,680","  2,880,000",    659,2007-11-28
905,WooHoo Arabic,"  2,919,033,712","  5,250,000",    529,2019-07-02
906,Facts Verse,"  2,912,287,614","  8,760,000","  3,449",2015-09-17
907,iHasCupquake,"  2,911,936,484","  6,970,000","  4,701",2010-08-20
908,ZackScottGames,"  2,907,682,312","  4,770,000"," 10,747",2010-12-31
909,Ярик Лапа,"  2,904,207,534","  4,700,000","  1,253",2013-06-18
910,Yasak Elma,"  2,899,359,177","  2,710,000","  3,918",2018-03-08
911,SBM Label,"  2,895,421,589","  2,570,000","  1,269",2010-10-25
912,PJ Masks Official,"  2,892,636,229","  5,190,000",    644,2016-02-23
913,La Voz Kids Colombia,"  2,891,153,951","  5,430,000","  1,106",2014-09-01
914,GEN HALILINTAR,"  2,889,391,234"," 17,700,000",    829,2015-03-04
915,Свинка Пеппа Русский - Официальный канал,"  2,880,239,540","  4,040,000",    674,2014-05-06
916,Thinknoodles,"  2,879,761,451","  7,730,000","  4,836",2011-12-15
917,關鍵時刻,"  2,872,783,156","  2,410,000"," 23,817",2012-07-18
918,Entertainment Access,"  2,870,154,905","  5,650,000","  4,469",2013-05-13
919,GameSpot,"  2,867,534,102","  4,670,000"," 35,669",2006-04-09
920,Monstercat Uncaged,"  2,865,154,586","  7,590,000","  1,661",2011-07-02
921,TopNotch,"  2,864,288,799","  1,740,000","  3,788",2006-12-06
922,Google,"  2,861,689,148"," 10,100,000","  2,433",2005-09-18
923,SHAYTARDS,"  2,860,176,988","  4,870,000","  2,729",2008-10-01
924,Olympics,"  2,859,292,834","  5,770,000","  8,560",2006-01-10
925,Videogyan Kids Shows-Cartoon Animation For Babies,"  2,854,864,866","  5,870,000",    351,2016-08-26
926,Official Arctic Monkeys,"  2,850,596,253","  5,500,000",     61,2006-02-04
927,ぐっちの部屋(ミラクルぐっち),"  2,850,286,138","  1,380,000","  6,592",2014-03-18
928,Hussain Al Jassmi | حسين الجسمي,"  2,848,613,154","  7,260,000",    488,2012-04-13
929,PULCINO PIO,"  2,846,219,822","  5,090,000",     88,2012-07-18
930,Arab Idol,"  2,846,107,865","  4,860,000",    989,2010-07-03
931,123 GO! Arabic,"  2,845,909,810","  7,080,000",    208,2019-03-13
932,BehindwoodsTV,"  2,843,182,727","  7,440,000"," 18,714",2010-12-14
933,Miraculous Ladybug,"  2,839,280,197","  5,570,000",    657,2016-09-13
934,EnzoKnol,"  2,836,231,693","  2,600,000","  4,835",2011-08-08
935,Talking Angela,"  2,836,053,905"," 11,800,000",    160,2014-09-02
936,Серіали України. Прем’єр,"  2,835,615,297","  3,740,000"," 15,794",2012-05-07
937,iBallisticSquid,"  2,831,555,212","  4,210,000","  2,431",2011-03-10
938,F2Freestylers - Ultimate Soccer Skills Channel,"  2,827,486,174"," 13,200,000",    710,2011-04-09
939,AwesomenessTV,"  2,826,689,959","  8,540,000","  6,105",2008-06-11
940,Bizim Hikaye,"  2,823,064,791","  2,690,000","  2,815",2018-02-22
941,Danny Ocean,"  2,821,777,485","  4,230,000",     30,2009-08-14
942,Matt Stonie,"  2,819,362,509"," 14,300,000",    378,2012-08-24
943,Badanamu,"  2,807,349,026","  3,040,000",    635,2013-03-28
944,Werevertumorro,"  2,799,631,709"," 16,700,000","  1,047",2007-02-28
945,Show TV,"  2,794,292,932","  4,150,000","  8,774",2013-08-16
946,Cyprien,"  2,792,957,007"," 14,100,000",    184,2007-02-25
947,Wow Kidz Comedy,"  2,790,928,880","  7,260,000","  1,678",2017-11-08
948,POCOYO in ENGLISH full episodes - Official Channel,"  2,789,955,167","  2,950,000","  1,080",2011-02-14
949,Mo Vlogs,"  2,783,710,482"," 10,700,000","  1,797",2013-09-22
950,BibisBeautyPalace,"  2,781,874,672","  5,920,000",    911,2012-11-28
951,Говорящий Том и Друзья,"  2,780,954,900","  6,690,000",    483,2014-12-16
952,2MTV,"  2,777,195,291","  6,170,000"," 13,910",2007-10-11
953,MattyBRaps,"  2,775,011,136"," 14,200,000",    148,2010-05-31
954,Meek Mill,"  2,774,526,601","  4,540,000",    161,2011-04-13
955,tvnpl,"  2,766,460,285","  2,230,000","  9,380",2008-08-12
956,ArcadeGo.com,"  2,764,978,535","  3,260,000"," 10,742",2012-08-02
957,Hillsong Worship,"  2,762,177,839","  7,260,000",    685,2008-04-26
958,"SLICK SLIME SAM - DIY, Comedy, Science","  2,750,864,973","  6,930,000",    813,2017-10-10
959,Al Nahar TV,"  2,750,738,253","  6,970,000"," 62,116",2011-08-09
960,LDShadowLady,"  2,750,136,892","  6,080,000",    996,2010-01-09
961,Tibo InShape,"  2,739,539,627","  8,130,000",    847,2008-08-15
962,Sidemen,"  2,738,471,518"," 12,200,000",    205,2015-06-14
963,SimoneSimariaVEVO,"  2,734,771,952","  3,730,000",     56,2016-06-06
964,Manual do Mundo,"  2,731,909,117"," 14,700,000","  1,733",2006-07-24
965,Kara Sevda,"  2,731,328,036","  3,400,000","  2,060",2015-06-15
966,TV Promos,"  2,730,485,505","  2,260,000"," 18,778",2013-04-22
967,Capital FM,"  2,729,141,050","  5,400,000","  1,776",2010-12-20
968,Mac Miller,"  2,722,462,444","  3,580,000",    175,2009-01-05
969,Marmok,"  2,722,354,571"," 16,000,000",    315,2008-04-27
970,starshipTV,"  2,721,271,130","  4,760,000","  1,906",2010-03-14
971,442oons,"  2,717,375,046","  3,400,000","  1,348",2013-07-27
972,Nuclear Blast Records,"  2,716,333,970","  2,660,000","  6,158",2006-05-12
973,レオンチャンネル,"  2,715,192,338","  1,410,000","  6,964",2012-04-30
974,Cris Devil Gamer,"  2,714,391,926","  9,660,000","  1,034",2014-05-13
975,Galileo,"  2,714,100,248","  3,080,000","  4,556",2013-07-22
976,FilterCopy,"  2,713,446,513","  8,690,000",    616,2015-09-04
977,IndiaGlitz Tamil Movies | Interviews | Shooting Spot | Review | Gossip,"  2,713,092,387","  5,050,000"," 20,043",2010-05-13
978,Nintendo,"  2,709,823,351","  7,940,000","  5,018",2005-12-27
979,CelineDionVEVO,"  2,708,195,872","  2,010,000",    405,2009-10-15
980,Matt Steffanina,"  2,707,476,907"," 12,700,000",    413,2011-09-01
981,Aya Nakamura,"  2,700,411,519","  5,910,000",     24,2016-06-20
982,BBC News,"  2,698,127,777"," 10,300,000"," 13,974",2006-04-08
983,SpongeBob SquarePants Official,"  2,697,038,703","  3,880,000",    698,2019-01-15
984,Enamorándonos,"  2,696,264,596","  4,660,000","  9,962",2016-10-07
985,ABS-CBN Star Music,"  2,696,180,640","  6,650,000","  8,069",2009-03-30
986,KinoCheck International,"  2,695,409,059","  3,650,000","  3,745",2014-08-18
987,TheAtlanticCraft,"  2,695,055,990","  5,920,000","  3,722",2012-06-25
988,Теремок Baby,"  2,694,954,212","  3,090,000","  1,363",2013-07-08
989,Talking Tom Heroes,"  2,692,553,212","  6,760,000",    216,2014-03-11
990,Bela Bagunça,"  2,688,450,936"," 12,300,000",    836,2015-03-27
991,Steve TV Show,"  2,687,240,898","  5,200,000","  8,291",2012-06-21
992,LEGENDA FUNK,"  2,687,044,038"," 14,500,000","  5,176",2013-05-11
993,EvanescenceVEVO,"  2,686,661,545","  3,200,000",     50,2009-11-13
994,Fatos Desconhecidos,"  2,686,134,206"," 17,200,000","  4,057",2013-09-26
995,Fluffy Jet Toys,"  2,684,762,721","  4,250,000","  1,414",2010-03-17
996,또봇 V · 메탈리온 [Tobot V · Metalions],"  2,682,725,344","  2,180,000","  1,826",2012-02-22
997,planbVEVO,"  2,676,225,036","  2,760,000",     22,2010-06-01
998,TheSoundYouNeed,"  2,668,983,641","  5,580,000",    448,2012-12-19
999,Ch3Thailand Music,"  2,667,414,719","  3,880,000",    680,2013-11-07
1000,kougeisha,"  2,658,797,024","  2,110,000","  1,623",2007-07-25
