Channel,CHANNEL_TYPE
T-Series,Music
Cocomelon - Nursery Rhymes,Education
SET India,Entertainment
WWE,Sports
Like Nastya,Entertainment
✿ Kids Diana Show,Film
Sony SAB,Entertainment
Movieclips,Film
Vlad and Niki,Entertainment
Ryan's World,Entertainment
netd müzik,Music
ABS-CBN Entertainment,Entertainment
El Reino Infantil,Music
Zee Music Company,Music
Colors TV,Entertainment
Canal KondZilla,Music
Little Baby Bum - Nursery Rhymes & Kids Songs,Education
ChuChu TV Nursery Rhymes & Kids Songs,Education
Wave Music,Music
WorkpointOfficial,Entertainment
Toys and Colors,Entertainment
Маша и Медведь,Education
Super Simple Songs - Kids Songs,Education
PewDiePie,Games
Get Movies,Entertainment
Shemaroo Filmi Gaane,Music
Pinkfong! Kids' Songs & Stories,Entertainment
one31,Entertainment
LooLoo Kids - Nursery Rhymes and Children's Songs,Music
JustinBieberVEVO,Music
YRF,Music
GMANetwork,Entertainment
قناة طيور الجنة | toyoraljanahtv,Music
TheEllenShow,Entertainment
SMTOWN,Music
KatyPerryVEVO,Music
TaylorSwiftVEVO,Music
Ch3Thailand,Entertainment
Tips Official,Music
Speed Records,Music
5-Minute Crafts,Howto
GMM GRAMMY OFFICIAL,Music
1theK (원더케이),Entertainment
FGTeeV,Games
GR6 EXPLODE,Music
shakiraVEVO,Music
Galinha Pintadinha,Film
BabyBus - Nursery Rhymes,Education
Sony Music India,Music
SonyMusicIndiaVEVO,Music
Sesame Street,Entertainment
Ozuna,Music
Spinnin' Records,Music
BLACKPINK,Music
DisneyMusicVEVO,Music
WORLDSTARHIPHOP,Music
La Granja de Zenón,Music
Daddy Yankee,Music
Disney,Entertainment
HYBE LABELS,Music
BuzzFeedVideo,People
Badabun,Entertainment
Maroon5VEVO,Music
Shemaroo,Entertainment
jbalvinVEVO,Music
ArianaGrandeVevo,Music
Little Angel: Nursery Rhymes & Kids Songs,Entertainment
RihannaVEVO,Music
EminemVEVO,Music
CVS 3D Rhymes & Kids Songs,Education
Eros Now Music,Entertainment
LUCCAS NETO - LUCCAS TOON,Entertainment
MalumaVEVO,Music
CookieSwirlC,Entertainment
Markiplier,Games
T-Series Apna Punjab,Music
Bad Bunny,Music
Peppa Pig - Official Channel,Film
Inside Edition,News
GRAMMY GOLD OFFICIAL,Music
LEGO,Film
Aaj Tak,News
FunToys Collector Disney Toys Review,Entertainment
Ultra Music,Music
Aditya Music,Music
Bruno Mars,Music
The Tonight Show Starring Jimmy Fallon,Comedy
Bounce Patrol - Kids Songs,Music
WatchMojo.com,Entertainment
etvteluguindia,Entertainment
David Guetta,Music
NickyJamTV,Music
jacksepticeye,Games
VEGETTA777,Games
НТВ,News
Ultra Bollywood,Entertainment
Gaane Sune Ansune,Music
Mother Goose Club Playhouse,Education
MBCentertainment,Entertainment
mmoshaya,Entertainment
EnriqueIglesiasVEVO,Music
Venus,Music
Marília Mendonça,Music
SSSniperWolf,Entertainment
JYP Entertainment,Music
Dude Perfect,Sports
LuisFonsiVEVO,Music
Wow Kidz,Entertainment
Felipe Neto,Entertainment
Rotana,Music
Goldmines Telefilms,Film
Vijay Television,Entertainment
CalvinHarrisVEVO,Music
Masha and The Bear,Education
Mister Max,Entertainment
IGN,Games
Coldplay,Music
Mnet K-POP,Entertainment
Movieclips Trailers,Film
Trap Nation,Music
HAR PAL GEO,Entertainment
Rajshri,Music
TheWeekndVEVO,Music
Baby Big Mouth,Entertainment
Talking Tom,Film
BeyoncéVEVO,Music
KBS WORLD TV,Entertainment
Turma da Mônica,Film
Fischer's-フィッシャーズ-,Entertainment
Marshmello,Music
Saturday Night Live,Entertainment
As/Is,People
rezendeevil,Entertainment
Genierock,Music
Miss Katy,Entertainment
Fueled By Ramen,Entertainment
Zee TV,Entertainment
toyorbabytv,Music
REACT,Entertainment
Genevieve's Playhouse - Learning Videos for Kids,Film
toycantando,Music
SonyMusicSouthVEVO,Music
AMARINTV : อมรินทร์ทีวี,News
Wiz Khalifa,Music
Jimmy Kimmel Live,Entertainment
ChrisBrownVEVO,Music
DisneyJuniorUK,Entertainment
MrBeast,Entertainment
Atlantic Records,Music
RomeoSantosVEVO,Music
LadyGagaVEVO,Music
Come Play With Me,Entertainment
BANGTANTV,Music
OneDirectionVEVO,Music
ChainsmokersVEVO,Music
ImagineDragonsVEVO,Music
Kids TV - Nursery Rhymes And Baby Songs,Education
キッズライン♡Kids Line,Education
Linkin Park,Music
Alan Walker,Music
Post Malone,Music
RsiamMusic : อาร์สยาม,Music
Tlnovelas,Entertainment
Henrique e Juliano,Music
Pencilmation,Film
Raffy Tulfo in Action,News
Лунтик,Film
Smosh,Comedy
CNN,News
Mazhavil Manorama,Entertainment
DisneyChannelUK,Entertainment
Blippi - Educational Videos for Kids,Education
ABC News,News
AdeleVEVO,Music
IndiaTV,News
eltrece,Entertainment
TRANS7 OFFICIAL,Entertainment
SelenaGomezVEVO,Music
Cartoon Network,Entertainment
michaeljacksonVEVO,Music
Kaji Family,Entertainment
enchufetv,Comedy
SiaVEVO,Music
Britain's Got Talent,Entertainment
Geet MP3,Music
ETV Jabardasth,Comedy
JTBC Entertainment,Entertainment
الـريماس - Al-Remas,Music
Anuel AA,Music
Mother Goose Club,Education
elrubiusOMG,Games
The Late Late Show with James Corden,Entertainment
ShawnMendesVEVO,Music
Ch7HD,Entertainment
PitbullVEVO,Music
Gusttavo Lima Oficial,Music
Troom Troom,Howto
avex,Music
GMA Public Affairs,News
Blu Toys Club Surprise,Entertainment
Zé Neto e Cristiano,Music
Mnet Official,People
StarPlus,Entertainment
NBA,Sports
Mr Bean,Comedy
Disney Junior,Entertainment
BRIGHT SIDE,Howto
AuthenticGames,Games
Las Ratitas,Entertainment
Enes Batur,Entertainment
Теремок ТВ,Film
officialpsy,Music
東海オンエア,Comedy
XXXTENTACION,Music
Gallina Pintadita,Film
ABP NEWS,News
Queen Official,Music
ItsFunneh,Games
HUM TV,Entertainment
Official Pink Panther,Film
Masha y el Oso,Film
YoungBoy Never Broke Again,Music
JesseAndMike,Entertainment
Kênh Thiếu Nhi - BHMEDIA,Music
Volga Video,Entertainment
KanalD,Entertainment
Dave and Ava - Nursery Rhymes and Baby Songs,Education
BBC,Entertainment
Kan & Aki's CHANNELかんあきチャンネル,People
BillionSurpriseToys - Nursery Rhymes,
GMM25Thailand,Entertainment
Lyrical Lemonade,Entertainment
DopeLyrics,Music
AviciiOfficialVEVO,Music
HobbyFamilyTV,Entertainment
ABS-CBN News,News
White Hill Music,Music
Dua Lipa,Music
JenniferLopezVEVO,Music
Lahari Music | T-Series,Music
Jason Derulo,Music
Cartoon Network UK,Entertainment
NickiMinajAtVEVO,Music
stampylonghead,Games
The Late Show with Stephen Colbert,Entertainment
BeckyGVEVO,Music
Fox News,News
GMA News,News
Stone Music Entertainment,Music
RedeTV,Entertainment
TRANS TV Official,Entertainment
Hear This Music,Music
Team Coco,Comedy
Saregama Music,Music
BlackEyedPeasVEVO,Music
ESPN,Sports
DrakeVEVO,Music
Smile Toys Review,Entertainment
Zadruga Official,Entertainment
POPS MUSIC,Music
Charlie Puth,Music
Annoying Orange,Entertainment
LazarBeam,Games
Videogyan Nursery Rhymes - Kids Songs & Cartoons,Education
Good Mythical Morning,Entertainment
Cat Music,Music
CollegeHumor,Comedy
MBCkpop,Music
Desi Music Factory,Music
Sandaroo Kids,Film
Россия 24,News
El Payaso Plim Plim,Music
WB Kids,Film
Telemundo,Entertainment
Valentina Pontes,People
SamSmithVEVO,Music
Flowers Comedy,Entertainment
BillieEilishVEVO,Music
MBC مصر,Entertainment
Познаватель,Entertainment
Blippi Toys,Education
Just For Laughs Gags,Comedy
Me contro Te,Entertainment
POCOYÓ en ESPAÑOL - Canal Oficial,Film
Totoykids,Film
GMMTV,Entertainment
Les' Copaque Production,Film
Vat19,Entertainment
Zig & Sharko,Film
СТС,Film
Like Nastya Vlog,People
KBS Entertain,Entertainment
Jorge & Mateus Oficial,Music
Family Box,Entertainment
zbing z.,Games
FifthHarmonyVEVO,Music
Барбоскины,Film
Flamingo,Games
FV FAMILY,Entertainment
Chotoonz TV - Funny Cartoons for Kids,Film
SebastianYatraVEVO,Music
The X Factor UK,Entertainment
BIGBANG,Music
PostMaloneVEVO,Music
Antena 3,Entertainment
Caso Cerrado,Entertainment
1MILLION Dance Studio,Entertainment
Clean Bandit,Music
Wesley Safadão,Music
SIS vs BRO,Entertainment
Peacock Kids,Entertainment
Porta dos Fundos,Entertainment
Robin Hood Gamer,Games
Troom Troom Es,Howto
MeghanTrainorVEVO,Music
Got Talent Global,Entertainment
RizaNovaUZ,Music
Ninja Kidz TV,Entertainment
Kwebbelkop,Games
Think Music India,Music
Thairath Online,News
Você Sabia?,Entertainment
SBS Entertainment,Entertainment
Brancoala,Entertainment
Little Baby Bum en Español,Education
rsfriends,Music
MEGA Oficial,Entertainment
Lucas and Marcus,Entertainment
LosPolinesios,People
MrSuicideSheep,Entertainment
TheRichest,Film
MK MUSIC,Music
FutureVEVO,Music
Slogo,Games
kevingatesTV,Music
Letupita725HD★,Film
Lifetime,Entertainment
Just4fun290,Entertainment
Cardi B,Music
BritneySpearsVEVO,Music
The Lallantop,News
AzzyLand,Entertainment
Sun TV,Entertainment
MSNBC,News
HaAshVEVO,Music
DJSnakeVEVO,Music
Фиксики,Film
CNCOVEVO,Music
Kontor.TV,Music
HikakinGames,Games
ArkivaShqip,Entertainment
David Dobrik,People
Warner Music Italy,Music
atv,Entertainment
littlemixVEVO,Music
PinkVEVO,Music
GameGrumps,Games
IDJVideos.TV,Entertainment
Skrillex,Music
Rooster Teeth,Comedy
Tayo the Little Bus,Education
Çukur,Film
Angry Birds,Games
Funny Family Games tv,Games
GunsNRosesVEVO,Music
Top Viral Talent,Entertainment
شبكة العاب العرب | Arab Games Network,Games
prenses elif,Entertainment
Patati Patatá,Music
truly,News
Swan & Néo,Entertainment
packattack04082,Games
Collins Key,Entertainment
Zee News,News
Comedy Central,Comedy
CantaJuegoVEVO,Music
뽀로로(Pororo),Education
VikatanTV,Entertainment
Boyce Avenue,Music
FitDance,Music
Natti Natasha,Music
ABP NEWS HINDI,News
Dan-Sa / Daniel Saboya,Music
TEDx Talks,Nonprofit
Masha e o Urso,Film
Migos ATL,Music
KSI,Music
V6 News Telugu,News
Poll Production,Music
EllieGouldingVEVO,Music
Julia MineGirl,Games
Piso 21,Music
RickyMartinVEVO,Music
The Dodo,Animals
OneRepublicVEVO,Music
Lady Diana,Entertainment
핑크퐁 (인기 동요・동화),Education
NFL,Sports
Warner Bros. Pictures,Entertainment
SBS Drama,Entertainment
Eurovision Song Contest,Entertainment
Ali-A,Games
TraLaLa - Cantece si desene animate pentru copii,Music
Anitta,Music
Dr. Phil,Entertainment
The Official Gummibär Channel,Film
Talking Tom & Friends,Entertainment
Поззи,Games
DEL Records,Music
Трум Трум,Howto
50CentVEVO,Music
The Young Turks,News
Aayu and Pihu Show,People
Renato Garcia,Entertainment
TheGrefg,Games
Preston,Entertainment
theRadBrad,Games
Sevimli Dostlar,Education
MatheusKauanVEVO,Music
Paulo Londra,Music
League of Legends,Games
GENIAL,Howto
Crafty Panda,Howto
WhenGamersFail ► Lyon,Games
tvN DRAMA,Entertainment
Nickelodeon UK,Entertainment
RemexMusic,Music
justintimberlakeVEVO,Music
acdcVEVO,Music
PlanetaOfficial,Music
DrossRotzank,News
M2,Entertainment
PTXofficial,Music
DemiLovatoVEVO,Music
MariahCareyVEVO,Music
เรื่องเล่าเช้านี้,News
Red Hot Chili Peppers,Music
YTN news,News
DC Kids,Film
T-Series Hamaar Bhojpuri,Music
Tasty,Howto
Netflix Jr.,Education
Toy Trains 4u,Entertainment
Rafa & Luiz,Entertainment
Martin Garrix,Music
TV9 Telugu Live,News
TravisScottVEVO,Music
TopMovieClips,Film
Synergy تامر مرسي,
DJKhaledVEVO,Music
Анимационные сериалы,Film
AWESMR pop,Entertainment
DUDU e CAROL,Entertainment
FARRUKOVEVO,Music
MBC THE VOICE KIDS,Entertainment
Linus Tech Tips,Tech
MarkRonsonVEVO,Music
MBCdrama,Entertainment
Sing King,Music
Maiara e Maraisa,Music
Nickelodeon,Entertainment
옛드 : 옛날 드라마 [드라맛집],Entertainment
Tekashi 6ix9ine,Music
5-Minute Crafts PLAY,Howto
ولاية بطيخ | Melon City Show,Comedy
Mor Haryanvi,Music
OGGY,Film
GRM Daily,Music
Lachlan,Games
TazerCraft,Games
Monde des Titounis,Film
Boram Tube ToysReview [보람튜브 토이리뷰],People
CamilaCabelloVEVO,Music
AP International,Entertainment
ĐÔNG TÂY PROMOTION OFFICIAL,Entertainment
MBC GROUP,Entertainment
BonJoviVEVO,Music
JessieJVEVO,Music
Lele Pons,Music
MileyCyrusVEVO,Music
FaZe Rug,Entertainment
W2S,Entertainment
KidsTV123,Education
SOMOY TV,People
MTZ Manuel Turizo,Music
SUPER SLICK SLIME SAM,Howto
National Geographic,Entertainment
ETV Dhee,Entertainment
Теремок - Песенки для детей,Entertainment
tvN,Entertainment
Macklemore LLC,Music
HolaSoyGerman.,Entertainment
Metallica,Music
PrinceRoyceVEVO,Music
Wassabi,Entertainment
Первый канал,News
AvrilLavigneVEVO,Music
Kuplinov ► Play,Games
Trap City,Music
Chouftv - شوف تيفي,News
KBS Kpop,Music
KN Channel,Entertainment
Enaldinho,Comedy
Disney UK,Film
Clevver News,Entertainment
Willyrex,Games
Puthiyathalaimurai TV,News
TuTiTuTV,Education
Официальный канал КВН,Comedy
ExtremeToys TV,Entertainment
TLC,Entertainment
ExtraPolinesios,People
5-Minute Crafts GIRLY,Howto
Stephen Sharer,Entertainment
SBS NOW / SBS 공식 채널,Entertainment
Капуки Кануки,Film
Nick Jr. Россия,Entertainment
EvanTubeHD,Entertainment
icanrockyourworld,Film
UnspeakableGaming,Games
ELLO,Music
Zee Telugu,Entertainment
AnuelVEVO,Music
Vie Channel - HTV2,Entertainment
Awakening Music,Music
Cut,Entertainment
AlHayah TV Network,Entertainment
FRESH Movie Trailers,Film
Disney Junior España,Entertainment
СМОТРИМ. Русские сериалы,Film
عائلة فيحان,Entertainment
Funny Stop Motion videos,Entertainment
JP Plays,Games
Lyna,Games
YOGSCAST Lewis & Simon,Games
The LaBrant Fam,People
wisinofficalVEVO,Music
RotonMusicTV,Music
Parafernalha,Entertainment
ボンボンTV,Entertainment
Маша та Ведмідь,Entertainment
Genieland,Entertainment
ThaliaVEVO,Music
Tu COSMOPOLIS,People
LMFAOVEVO,Music
GamingWithKev,Games
Netflix,Entertainment
Howcast,Howto
Aventura,Music
FAP TV,Comedy
Rans Entertainment,Entertainment
Reaction Time,Entertainment
Câmeras Escondidas Programa Silvio Santos,Entertainment
Power Rangers Official,Film
jesseyjoyoficial,Music
ElTrollino,Games
SyrebralVibes,Music
滾石唱片 ROCK RECORDS,Music
CoryxKenshin,Games
Wish 107.5,Music
NTV Telugu,News
Proximity,Entertainment
KBS Drama,Entertainment
JRE Clips,People
TVSmeshariki,Film
Adexe & Nau,Music
TRT Çocuk,Entertainment
Dance India Dance,Entertainment
Mohamed Ramadan I محمد رمضان,Entertainment
Gato Galactico,Games
Shemaroo Movies,Film
Pina Records,Music
Dharma Productions,Film
JTBC Drama,Entertainment
Zee Bangla,Entertainment
The Daily Show with Trevor Noah,Comedy
Kodak Black,Music
DokuzSekiz Müzik,Music
AkonVEVO,Music
Brave Wilderness,Animals
Unbox Therapy,Tech
Thuy Nga,Music
Selena,Entertainment
Talent Recap,Entertainment
UFC - Ultimate Fighting Championship,Sports
OficialMana,Music
Planeta das Gêmeas,Entertainment
Univision Noticias,News
MuzikPlay,Music
CNN Indonesia,News
EBS 키즈,Film
BuzzFeed Multiplayer,People
Madonna,Music
Deji,People
Ini Talk Show,Comedy
KhalidVEVO,Music
Bie The Ska,Entertainment
Show Ana Haber,News
H2ODelirious,Games
Daily Bumps,People
Rasmey Hang Meas,Music
حِرف إبداعية في 5 دقائق,Howto
Disney,Entertainment
Larva TUBA,Film
GEazyMusicVEVO,Music
Kids smile TV,Entertainment
Makiman131,Entertainment
Telefe,Entertainment
Bratayley,People
ZENSE Entertainment,Entertainment
SuperHeroKids,Entertainment
Luan Santana,Music
Три Кота,Film
whitneyhoustonVEVO,Music
My Little Pony Official,Film
Lil pump,Music
POPS Kids,Education
Marvel Entertainment,Entertainment
ماشا و الدب,Film
Ennahar tv,News
Mickey Mouse,Film
SlivkiShow,Entertainment
Ghiền Mì Gõ,Film
Rclbeauty101,Comedy
FavijTV,Games
Troom Troom PT,Howto
The Voice Thailand,Entertainment
Ricis Official,Entertainment
CaptainSparklez,Games
ЕвгенБро,Games
TygaVEVO,Music
cricket.com.au,Sports
KOCOWA TV,Entertainment
湖南卫视芒果TV官方频道 China HunanTV Official Channel,Entertainment
Анатолий Шарий,Comedy
ALL THE K-POP,Entertainment
TV-People,Entertainment
Programa Pânico Lab,Entertainment
SlenderMan™,Games
Lokdhun Punjabi,Music
Sky Does Everything,Games
PopArt Discos,Music
DIEN QUAN Comedy / Hài,Entertainment
Kaykai Salaider,Entertainment
Movie Talkies,Entertainment
Google India,Tech
Totoykids Español,Film
★ Kids Roma Show,Entertainment
Blossom,Howto
truTV,Entertainment
MBC The Voice,Entertainment
atiempopreescolar,Music
América Televisión - Novelas,Entertainment
DIEN QUAN Entertainment / Giải Trí,Entertainment
Denis,Games
UsherVEVO,Music
djvlad,Entertainment
twenty one pilots,Music
EeOneGuy,Entertainment
Entertainment Tonight,Entertainment
INNA,Music
Tv9 Kannada,News
OHA diyorum!,Entertainment
ZaynVEVO,Music
whinderssonnunes,Comedy
ERB,Entertainment
Telugu Filmnagar,Entertainment
RobleisIUTU,Games
Pablo Alborán,Music
Beşiktaş Kültür Merkezi (BKM),Comedy
Elhiwar Ettounsi,Entertainment
THVL Giải Trí,Entertainment
Jazzghost,Games
Screen Rant,Film
Аид [VyacheslavOO],Games
스브스케이팝 / SBS KPOP,Music
TheOdd1sOut,Comedy
TV Azteca Novelas y Series,Entertainment
AuronPlay,Comedy
Infinite,Entertainment
RaeSremmurdVEVO,Music
Passenger,Music
SeikinTV,Entertainment
Viki Show,Entertainment
Thơ Nguyễn,People
SBS TV동물농장x애니멀봐,Animals
5-Minute Crafts FAMILY,Howto
Popcorn,Entertainment
TheBrianMaps,Entertainment
КУКУТИКИ - Детские песенки и мультики,Film
Step Records,Music
Muselk,Games
兄者弟者,Games
ChuChuTV Español,Education
Arcangel,Music
米津玄師,Music
PlayStation,Games
Its JoJo Siwa,Entertainment
ChinoNachoVEVO,Music
Dek Jew Chill Out,People
Insider,Entertainment
platinumrecordsmusic,Music
Juice WRLD,Music
ChuChuTV Surprise Eggs Learning Videos,Education
Zee Tamil,Entertainment
TrapMusicHDTV,Music
Al Fondo hay Sitio,Entertainment
KanyeWestVEVO,Music
Flo Rida,Music
Phương Hữu Dưỡng,Entertainment
Paluten,Games
NDTV,News
VICE,Entertainment
NirvanaVEVO,Music
News18 India,News
Gorillaz,Music
LanaDelReyVEVO,Music
RT en Español,News
Netmediatama,Entertainment
水溜りボンド,Entertainment
NBC News,News
Pinkfong en español - Canciones Infantiles,Education
OficialHungria,Music
And TV,Film
ヒカル（Hikaru）,Entertainment
BCC Gaming,Games
Rosanna Pansino,Howto
Truyen Hinh Vinh Long,Entertainment
Rai,News
Sony Pictures Entertainment,Entertainment
Kids Channel - Cartoon Videos for Kids,Education
AdMe.ru - Сайт о творчестве,Entertainment
NAGASWARA Official Video | Indonesian Music Channel,Music
SurpriseToys,Entertainment
Kurt Hugo Schneider,Entertainment
Фильмы и Сериалы Студии Квартал 95,Film
PDK Films,Entertainment
ExplosmEntertainment,Comedy
Looper,Entertainment
iggyazaleamusicVEVO,Music
Haschak Sisters,Entertainment
Lilly Singh,Comedy
123 GO!,People
James Charles,Entertainment
عائلة عمر,Film
IDEIAS INCRÍVEIS,Howto
21 Savage,Music
Typical Gamer,Games
The Q,Tech
BBC Earth,Animals
Chill Nation,Music
Niloya,Film
Camila Loures,Entertainment
YAPYAP,Entertainment
Gronkh,Games
Jaeguchi,Music
CinemaSins,Film
Mejores Juguetes,Entertainment
MaitreGimsVEVO,Music
Movieclips Coming Soon,Film
America's Got Talent,Entertainment
Coca-Cola,Film
Miniminter,Games
RT,News
Россия 1,Entertainment
JFlaMusic,Music
KygoOfficialVEVO,Music
Armada Music,Music
Мастерская Настроения,Entertainment
LipaoGamer,Games
FROST,Games
Atta Halilintar,Entertainment
ETV Plus India,Comedy
ONE Media,Film
Brent Rivera,Entertainment
東森新聞 CH51,News
Saad Lamjarred | سعد لمجرد,Music
As Aventuras de Poliana,Entertainment
Söz Dizi,Film
Shahid,Entertainment
The Key of Awesome,Comedy
Invento na Hora,Entertainment
The Voice Kids,Entertainment
Coffi Channel,Games
Телеканал ТНТ,Entertainment
Top Gear,Autos
Chris Smoove,Games
Disney FR,Film
HowToBasic,Howto
Lindsey Stirling,Music
Bebe Rexha,Music
Los Juguetes de Titi,Entertainment
Kitchen Nightmares,Entertainment
Bart Baker,Comedy
Slipknot,Music
Yeni Gelin,Film
BB Ki Vines,Entertainment
Coisa de Nerd,Tech
LIL UZI VERT,Music
Top Channel Albania,Entertainment
NhacPro Tube,Music
Gordon Ramsay,Entertainment
IDEAS EN 5 MINUTOS,Howto
Rammstein Official,Music
FIFATV,Sports
BBC News عربي,News
MoonKase,Games
HalseyVEVO,Music
FutParódias,Sports
TKOR,Education
MondoMedia,Film
EHPMusicChannel,Music
BackstreetBoysVEVO,Music
LilWayneVEVO,Music
melanie martinez,Music
ashish chanchlani vines,Comedy
Вечерний Ургант,Entertainment
The Infographics Show,Education
FOX,Entertainment
Toys And Funny Kids Play Doh Cartoons,Entertainment
Disney,Entertainment
PineappleStormTV,Music
Hulyan Maya,Entertainment
BANDA MS,Music
XpressTV,Entertainment
AndrewSchrock,People
AfacanTV,Music
AlJazeera Channel قناة الجزيرة,News
Barbie,Entertainment
PrestonPlayz,Entertainment
Young Thug,Music
DaddyYankeeVEVO,Music
相信音樂BinMusic,Music
الحب لا يفهم الكلام,Film
Peppa Pig em Português Brasil - Canal Oficial,Film
Green Day,Music
SBT,Entertainment
Crescendo com Luluca,People
BBC Radio 1,Music
systemofadownVEVO,Music
Tiana,Games
MrGear,Howto
DORETDEPLATINE,Music
lunacreciente,Music
Çok Güzel Hareketler,Comedy
Мультики студии Союзмультфильм,Film
TVBS NEWS,News
UNIVERSAL MUSIC JAPAN,Music
Christina Perri,Music
Geo News,News
Shot of The Yeagers,Entertainment
런닝맨 - 스브스 공식 채널,Entertainment
videogamedunkey,Games
FORMULA 1,Sports
Madame Récré FR,Entertainment
허팝Heopop,Entertainment
디글 클래식 :Diggle Classic,Entertainment
Clash of Clans,Games
Grown Ups Kids' Toys,Entertainment
Universal Pictures,Entertainment
Latina.pe,Entertainment
TRT TV,Film
Kiralık Aşk,Film
StarPro,Music
Monsta,Film
GoPro,Sports
Sen Anlat Karadeniz,Entertainment
IULITMx,Games
Got Talent España,Entertainment
Furious Jumper,Games
キヨ。,Games
LastWeekTonight,Entertainment
The Real Daytime,Entertainment
MySpass,Entertainment
Carinha de Anjo,Entertainment
CAguileraVEVO,Music
Walt Disney Animation Studios,Film
TheBrainDit,Games
KendrickLamarVEVO,Music
Team Edge,Comedy
NewShowBiz完全娛樂,Entertainment
7 Minutoz,Music
Jen Smith,People
johnlegendVEVO,Music
Robin Schulz,Music
How It Should Have Ended,Film
Мульт,Film
Ray William Johnson,Comedy
Alan Becker,Film
WooHoo,Howto
The Noite com Danilo Gentili,Comedy
The Game Theorists,Entertainment
coilbook™ | Learning For Children,Education
NightcoreReality,Music
Flavia Calina,People
Adult Swim,Entertainment
So Yummy,
JonasBlueVEVO,Music
Bedaya TV l قناة بداية الفضائية,Entertainment
CrazyRussianHacker,Tech
Busy Beavers - Kids Learn ABCs 123s & More,Education
WooHoo Arabic,Howto
Facts Verse,Entertainment
iHasCupquake,Games
ZackScottGames,Games
Ярик Лапа,Games
Yasak Elma,Entertainment
SBM Label,Music
PJ Masks Official,Education
La Voz Kids Colombia,Entertainment
GEN HALILINTAR,Entertainment
Свинка Пеппа Русский - Официальный канал,Film
Thinknoodles,Games
關鍵時刻,News
Entertainment Access,Entertainment
GameSpot,Games
Monstercat Uncaged,Music
TopNotch,Music
Google,Tech
SHAYTARDS,Entertainment
Olympics,Sports
Official Arctic Monkeys,Music
ぐっちの部屋(ミラクルぐっち),Games
Hussain Al Jassmi | حسين الجسمي,Music
PULCINO PIO,Music
Arab Idol,Entertainment
123 GO! Arabic,People
BehindwoodsTV,Entertainment
Miraculous Ladybug,Film
EnzoKnol,Entertainment
Talking Angela,Entertainment
Серіали України. Прем’єр,Entertainment
iBallisticSquid,Games
F2Freestylers - Ultimate Soccer Skills Channel,Sports
AwesomenessTV,Entertainment
Bizim Hikaye,Entertainment
Danny Ocean,Music
Matt Stonie,Entertainment
Badanamu,Education
Werevertumorro,Entertainment
Show TV,Film
Cyprien,Comedy
Wow Kidz Comedy,Film
POCOYO in ENGLISH full episodes - Official Channel,Film
Mo Vlogs,People
BibisBeautyPalace,Howto
Говорящий Том и Друзья,Entertainment
2MTV,Entertainment
MattyBRaps,Music
Meek Mill,Music
tvnpl,Entertainment
ArcadeGo.com,Games
Hillsong Worship,Music
"SLICK SLIME SAM - DIY, Comedy, Science",Howto
Al Nahar TV,Entertainment
LDShadowLady,Games
Tibo InShape,Sports
Sidemen,Entertainment
SimoneSimariaVEVO,Music
Manual do Mundo,Tech
Kara Sevda,Film
TV Promos,Entertainment
Capital FM,Music
Mac Miller,Music
Marmok,Games
starshipTV,Music
442oons,Sports
Nuclear Blast Records,Music
レオンチャンネル,Entertainment
Cris Devil Gamer,Games
Galileo,Entertainment
FilterCopy,Entertainment
IndiaGlitz Tamil Movies | Interviews | Shooting Spot | Review | Gossip,Entertainment
Nintendo,Games
CelineDionVEVO,Music
Matt Steffanina,Entertainment
Aya Nakamura,Music
BBC News,News
SpongeBob SquarePants Official,Film
Enamorándonos,Entertainment
ABS-CBN Star Music,Music
KinoCheck International,Entertainment
TheAtlanticCraft,Games
Теремок Baby,Film
Talking Tom Heroes,Entertainment
Bela Bagunça,Entertainment
Steve TV Show,Entertainment
LEGENDA FUNK,Music
EvanescenceVEVO,Music
Fatos Desconhecidos,Entertainment
Fluffy Jet Toys,Entertainment
또봇 V · 메탈리온 [Tobot V · Metalions],Film
planbVEVO,Music
TheSoundYouNeed,Music
Ch3Thailand Music,Music
kougeisha,Games
